# Pages that aren't news articles, from dhvani/rank/quality.py (ids only).
aajtak_0174f8f0	horoscope
aajtak_02240c2d	listing
aajtak_035aef14	horoscope
aajtak_03a625fd	horoscope
aajtak_048bab59	listing
aajtak_09a3d5b9	horoscope
aajtak_09e4cb5b	horoscope
aajtak_0a883166	horoscope
aajtak_0af489d2	listing
aajtak_0d7e749e	horoscope
aajtak_0f026214	horoscope
aajtak_0f70bae8	listing
aajtak_0f88c3ba	listing
aajtak_1028d714	horoscope
aajtak_105ab9c7	listing
aajtak_1593867d	horoscope
aajtak_15fb34a6	horoscope
aajtak_16ca55ff	listing
aajtak_17a00ef5	horoscope
aajtak_1b7521f1	horoscope
aajtak_1ba41427	listing
aajtak_1d87196f	horoscope
aajtak_1e0a950d	horoscope
aajtak_1e544e29	listing
aajtak_20a25c21	listing
aajtak_212b242a	listing
aajtak_2410fc9f	horoscope
aajtak_25f15f88	horoscope
aajtak_26326cc9	horoscope
aajtak_2ac59dc3	listing
aajtak_2bbd9a79	horoscope
aajtak_2ccb5d0a	listing
aajtak_2e37a3a4	listing
aajtak_319ee4c1	horoscope
aajtak_3391ea08	horoscope
aajtak_3477860a	listing
aajtak_369eb93b	horoscope
aajtak_3736f6a8	listing
aajtak_37b2cb59	listing
aajtak_382932e1	listing
aajtak_39712a94	listing
aajtak_39df07c9	listing
aajtak_3acbc8ca	horoscope
aajtak_3ae52cc7	listing
aajtak_3bf17322	horoscope
aajtak_3d3a9961	listing
aajtak_409ff195	horoscope
aajtak_40c2070a	horoscope
aajtak_423a78b4	listing
aajtak_42e8d53b	horoscope
aajtak_438e80e3	listing
aajtak_43db3ab6	horoscope
aajtak_4462843f	horoscope
aajtak_44b2cd4f	horoscope
aajtak_4685e98e	listing
aajtak_483ae3f3	listing
aajtak_4a59fd34	horoscope
aajtak_4a60a42e	listing
aajtak_4cc010cb	horoscope
aajtak_4d620970	listing
aajtak_4d7db25f	listing
aajtak_4e87fccb	horoscope
aajtak_4e8c54a2	horoscope
aajtak_52801938	listing
aajtak_5524daec	listing
aajtak_56e65b97	horoscope
aajtak_575d1f13	listing
aajtak_5c2cba8b	listing
aajtak_5cc2acc5	horoscope
aajtak_5e0f1fdb	listing
aajtak_5e5c19b4	listing
aajtak_5fcb13eb	horoscope
aajtak_6057b481	horoscope
aajtak_61e1011f	horoscope
aajtak_62029e92	listing
aajtak_6339d1b1	listing
aajtak_6646918e	horoscope
aajtak_6cc42e5a	listing
aajtak_6d14312e	listing
aajtak_6d7b4225	listing
aajtak_6f85e8b9	horoscope
aajtak_73032e65	horoscope
aajtak_7688e549	horoscope
aajtak_7893ced4	horoscope
aajtak_7b73ffc5	horoscope
aajtak_7e4fb668	horoscope
aajtak_7fdf6d07	horoscope
aajtak_80060014	horoscope
aajtak_840d3843	horoscope
aajtak_84a8030d	listing
aajtak_85687e77	horoscope
aajtak_857ead8c	listing
aajtak_8742b6e4	listing
aajtak_8b07e4f9	horoscope
aajtak_8b9f36c7	horoscope
aajtak_8cb91986	horoscope
aajtak_8f3cfc8f	horoscope
aajtak_902f640e	horoscope
aajtak_924a860d	horoscope
aajtak_950a316d	listing
aajtak_954a7675	listing
aajtak_98556ec3	listing
aajtak_9908e6af	horoscope
aajtak_9a79ca90	listing
aajtak_9e2943b1	horoscope
aajtak_9f4a8343	horoscope
aajtak_9ffc7b93	listing
aajtak_a14e906d	horoscope
aajtak_a1b04520	listing
aajtak_a2fe345e	horoscope
aajtak_a3ed3820	listing
aajtak_a4160bb9	horoscope
aajtak_a6562deb	listing
aajtak_a6f58bc7	horoscope
aajtak_a7178f81	horoscope
aajtak_a7ac76d8	horoscope
aajtak_a8f420f8	horoscope
aajtak_aa927d5b	listing
aajtak_adabc257	horoscope
aajtak_b07beaa2	listing
aajtak_b1a0132d	horoscope
aajtak_b2e21b59	horoscope
aajtak_b2e55756	horoscope
aajtak_b3c54528	horoscope
aajtak_b50e1a37	horoscope
aajtak_b53d562e	horoscope
aajtak_b552223e	horoscope
aajtak_b61a4383	horoscope
aajtak_b71b23ec	horoscope
aajtak_bcf20b02	listing
aajtak_bdd4d8b0	horoscope
aajtak_c21df696	listing
aajtak_c3b90f95	horoscope
aajtak_c40b1979	horoscope
aajtak_c560e873	listing
aajtak_c58edc01	horoscope
aajtak_c5c25af3	horoscope
aajtak_c6a56d07	horoscope
aajtak_c8023d5f	listing
aajtak_c88e9362	horoscope
aajtak_cc054be8	listing
aajtak_ccd3c2ee	listing
aajtak_d0055886	horoscope
aajtak_d340ee53	horoscope
aajtak_d6409fb9	horoscope
aajtak_d7a278c1	horoscope
aajtak_d866820b	listing
aajtak_d8f1843a	horoscope
aajtak_d8fbf8dc	listing
aajtak_d9cc7c86	horoscope
aajtak_dac302c1	horoscope
aajtak_dbea6a80	listing
aajtak_dbec870a	horoscope
aajtak_dc5d94d7	listing
aajtak_dd87c46a	horoscope
aajtak_df1d032c	listing
aajtak_e272a027	listing
aajtak_e38e1512	listing
aajtak_e5be7fef	horoscope
aajtak_e63222dd	listing
aajtak_e735f4ea	horoscope
aajtak_e7e2637c	horoscope
aajtak_eab88030	horoscope
aajtak_eba9b392	horoscope
aajtak_eca44aa2	listing
aajtak_f1147688	listing
aajtak_f1824642	listing
aajtak_f40328f3	horoscope
aajtak_f7edd942	horoscope
aajtak_f876da97	horoscope
aajtak_fa82a184	listing
aajtak_fb0721fd	listing
aajtak_fb9cb755	horoscope
aajtak_fd930650	horoscope
amarujala_0081a22c	listing
amarujala_01f51e2e	listing
amarujala_0207f631	listing
amarujala_0261d93c	listing
amarujala_02c4fe53	listing
amarujala_03b1759f	listing
amarujala_04393cbd	listing
amarujala_04485eea	listing
amarujala_044bff6c	listing
amarujala_04d56f89	listing
amarujala_04e8acb0	listing
amarujala_04f937fa	listing
amarujala_059c7e07	listing
amarujala_059f4488	listing
amarujala_06212ab8	listing
amarujala_063804e9	listing
amarujala_0658ee5a	listing
amarujala_067fcb31	listing
amarujala_06ac16ac	listing
amarujala_0772d44f	listing
amarujala_08e6a8b4	listing
amarujala_08f56131	listing
amarujala_08f7f033	listing
amarujala_09869bc5	listing
amarujala_0ab72bda	listing
amarujala_0ad458d4	listing
amarujala_0b2ad793	listing
amarujala_0b4d3654	listing
amarujala_0c23db91	listing
amarujala_0c2ed2de	listing
amarujala_0c93f7bd	listing
amarujala_0e0f2704	listing
amarujala_0e230415	listing
amarujala_0e3ee59f	listing
amarujala_0e65a4ff	listing
amarujala_0f60f7c6	listing
amarujala_0f7b8275	listing
amarujala_0f7cdce7	listing
amarujala_0f842451	listing
amarujala_10628deb	listing
amarujala_10fb358a	listing
amarujala_110a7192	listing
amarujala_11cb1c7c	listing
amarujala_1337cde2	listing
amarujala_13a48691	listing
amarujala_13fc9bdd	listing
amarujala_140b2975	listing
amarujala_142ab372	listing
amarujala_14875946	listing
amarujala_14f99e25	listing
amarujala_14ff164b	listing
amarujala_1658a7d7	listing
amarujala_167df708	listing
amarujala_18669ddd	listing
amarujala_188e3080	listing
amarujala_18b9c8c6	listing
amarujala_18c6dd53	listing
amarujala_190eb342	listing
amarujala_1993b61b	listing
amarujala_19b179a7	listing
amarujala_1a449bab	listing
amarujala_1acd34e7	listing
amarujala_1af15177	listing
amarujala_1b9c11b0	listing
amarujala_1bbfd0c3	listing
amarujala_1d81a516	listing
amarujala_1e724879	listing
amarujala_1e8be3df	listing
amarujala_1fb12e24	listing
amarujala_20bfa1c8	listing
amarujala_215466ee	listing
amarujala_217b48dd	listing
amarujala_224865ee	listing
amarujala_22888241	listing
amarujala_228b47bf	listing
amarujala_22fe5648	listing
amarujala_23093a5f	listing
amarujala_242cb621	listing
amarujala_24318466	listing
amarujala_250ca3f9	listing
amarujala_25c3f68b	listing
amarujala_25cdab78	listing
amarujala_25ee3c6e	listing
amarujala_2639611b	listing
amarujala_26c5f0c6	listing
amarujala_270b8037	listing
amarujala_271b5c2a	listing
amarujala_2752c2c0	listing
amarujala_27a88b05	listing
amarujala_28612f8c	listing
amarujala_2875bb0c	listing
amarujala_28ad9de1	listing
amarujala_2901156b	listing
amarujala_2ad9e3ad	listing
amarujala_2ca0e73e	listing
amarujala_2ef6d7b1	listing
amarujala_2f4bb729	listing
amarujala_3293127b	listing
amarujala_32949b5d	listing
amarujala_32b1e244	listing
amarujala_3375a781	listing
amarujala_345aa863	listing
amarujala_34f85992	listing
amarujala_3565a167	listing
amarujala_35e0ebd7	listing
amarujala_363f00eb	listing
amarujala_367d34f2	listing
amarujala_36df2931	listing
amarujala_37cd734a	listing
amarujala_37e1f7d4	listing
amarujala_38dfc0f7	listing
amarujala_39d6b553	listing
amarujala_3aacfe47	listing
amarujala_3abc87e6	listing
amarujala_3b952134	listing
amarujala_3bbc2fc4	listing
amarujala_3bc13dad	listing
amarujala_3f3f376b	listing
amarujala_3f40ea25	listing
amarujala_3f821e81	listing
amarujala_409523ac	listing
amarujala_4126bce7	listing
amarujala_41501da9	listing
amarujala_4288b4d3	listing
amarujala_4308394e	listing
amarujala_439cb554	listing
amarujala_4406a221	listing
amarujala_4487edf8	listing
amarujala_44c90e09	listing
amarujala_45583313	listing
amarujala_459c8d03	listing
amarujala_45b38726	listing
amarujala_45bdcec2	listing
amarujala_45f5ac6f	listing
amarujala_45fbfed6	listing
amarujala_464997ff	listing
amarujala_46cc5636	listing
amarujala_4757abad	listing
amarujala_47d85486	listing
amarujala_47e8d77b	listing
amarujala_4990b31d	listing
amarujala_49edffd9	listing
amarujala_4a002280	listing
amarujala_4aac77fa	listing
amarujala_4b8279fe	listing
amarujala_4bbb3e6a	listing
amarujala_4bfb8f8a	listing
amarujala_4ca980ff	listing
amarujala_4ccb0b1b	listing
amarujala_4d7c6135	listing
amarujala_4e147f49	listing
amarujala_4f62c146	listing
amarujala_4ff0e50c	listing
amarujala_517e043a	listing
amarujala_51875f8c	listing
amarujala_51ea9257	listing
amarujala_51f387ed	listing
amarujala_524cdc64	listing
amarujala_526f6908	listing
amarujala_52df031b	listing
amarujala_5390a784	listing
amarujala_53af9476	listing
amarujala_53e76f73	listing
amarujala_5467022f	listing
amarujala_54a741ba	listing
amarujala_562ab0d4	listing
amarujala_566b4dc9	listing
amarujala_57ce4f18	listing
amarujala_58f3494b	listing
amarujala_59c7cc65	listing
amarujala_59e9fccc	listing
amarujala_5a87e217	listing
amarujala_5b344a8b	listing
amarujala_5bcff6f5	listing
amarujala_5c140b23	listing
amarujala_5cb07ada	listing
amarujala_5d4fb0e5	listing
amarujala_5eb25309	listing
amarujala_5eee2bfd	listing
amarujala_5fa47688	listing
amarujala_6041f425	listing
amarujala_60d61015	listing
amarujala_61421eba	listing
amarujala_6190eb6d	listing
amarujala_63417427	listing
amarujala_637dff4c	listing
amarujala_63fe9089	listing
amarujala_6424b83c	listing
amarujala_64543549	listing
amarujala_6461192f	listing
amarujala_6483d03c	listing
amarujala_64a05b57	listing
amarujala_65293762	listing
amarujala_65948fd6	listing
amarujala_6594ac9f	listing
amarujala_6596bd23	listing
amarujala_65e2a32f	listing
amarujala_669fbc44	listing
amarujala_66f433c9	listing
amarujala_67496bf2	listing
amarujala_67627532	listing
amarujala_67955639	listing
amarujala_67fe8b1a	listing
amarujala_681d8518	listing
amarujala_68550393	listing
amarujala_68613ee4	listing
amarujala_68882f10	listing
amarujala_69090af9	listing
amarujala_69ca9c72	listing
amarujala_6a1c8a52	listing
amarujala_6aab2bbb	listing
amarujala_6b4a5822	listing
amarujala_6b8f4779	listing
amarujala_6b9f7d47	listing
amarujala_6c8f27c1	listing
amarujala_6d4a8d8c	listing
amarujala_6d8cb342	listing
amarujala_6e3363c2	listing
amarujala_6efe92c3	listing
amarujala_6f11b934	listing
amarujala_6fdadf39	listing
amarujala_702a8cbf	listing
amarujala_7070341a	listing
amarujala_70b1c09f	listing
amarujala_70fb6d6b	listing
amarujala_723c7042	listing
amarujala_727b7e41	listing
amarujala_72950b17	listing
amarujala_72c11f1c	listing
amarujala_73026f6e	listing
amarujala_737c67c0	listing
amarujala_73cd97ec	listing
amarujala_7496dfb3	listing
amarujala_7536fbc9	listing
amarujala_7558b4a3	listing
amarujala_763522d8	listing
amarujala_76d3ba70	listing
amarujala_772ba14f	listing
amarujala_78a717f2	listing
amarujala_78e8241f	listing
amarujala_7a1048a9	listing
amarujala_7b4f489a	listing
amarujala_7b84da89	listing
amarujala_7bc6469f	listing
amarujala_7c4b3508	listing
amarujala_7c57c85e	listing
amarujala_7c65cc0d	listing
amarujala_7d197e23	listing
amarujala_7d9efc99	listing
amarujala_7e025243	listing
amarujala_7e30a2b4	listing
amarujala_7fa51c23	listing
amarujala_7fe37456	listing
amarujala_808786a1	listing
amarujala_8186a91b	listing
amarujala_82233967	listing
amarujala_82540ff6	listing
amarujala_8282cf40	listing
amarujala_828ebf07	listing
amarujala_83393e98	listing
amarujala_83d65db9	listing
amarujala_84003340	listing
amarujala_8415d157	listing
amarujala_8458abd7	listing
amarujala_8508c1b8	listing
amarujala_85167dde	listing
amarujala_851ac791	listing
amarujala_857ba697	listing
amarujala_85bf0a07	listing
amarujala_8609d220	listing
amarujala_86300995	listing
amarujala_86ebbe1b	listing
amarujala_87d52eda	listing
amarujala_881c2201	listing
amarujala_8829c40f	listing
amarujala_891b8305	listing
amarujala_8994e694	listing
amarujala_8a0d0412	listing
amarujala_8a152ad1	listing
amarujala_8a1847e9	listing
amarujala_8a8cf699	listing
amarujala_8b4059f7	listing
amarujala_8bb8f233	listing
amarujala_8c3fe3b5	listing
amarujala_8c78a66d	listing
amarujala_8cdfbdce	listing
amarujala_8ea940b0	listing
amarujala_8eca7379	listing
amarujala_9006e24e	listing
amarujala_907120d9	listing
amarujala_91203b41	listing
amarujala_91972013	listing
amarujala_91e6368c	listing
amarujala_91fbd17e	listing
amarujala_928b3165	listing
amarujala_9290d6bd	listing
amarujala_932c7b39	listing
amarujala_9386988a	listing
amarujala_941d98ae	listing
amarujala_943fc806	listing
amarujala_944b3361	listing
amarujala_94847c16	listing
amarujala_94bf1d23	listing
amarujala_9511e333	listing
amarujala_95640d8a	listing
amarujala_95e0eb8d	listing
amarujala_95f7d92d	listing
amarujala_9731104f	listing
amarujala_97489806	listing
amarujala_97b21043	listing
amarujala_97cfba73	listing
amarujala_982f1d44	listing
amarujala_9a5499c0	listing
amarujala_9b239469	listing
amarujala_9cae7fb2	listing
amarujala_9e33842b	listing
amarujala_9f97c2ca	listing
amarujala_a02bc3be	listing
amarujala_a07bddf1	listing
amarujala_a08a2920	listing
amarujala_a0a13751	listing
amarujala_a0d889c8	listing
amarujala_a15a99c2	listing
amarujala_a1a80c04	listing
amarujala_a1b0d9b5	listing
amarujala_a1c94932	listing
amarujala_a2a2fabf	listing
amarujala_a2f0e1ff	listing
amarujala_a3796d10	listing
amarujala_a3c656da	listing
amarujala_a444fa5f	listing
amarujala_a46b8430	listing
amarujala_a5d25f92	listing
amarujala_a600e23c	listing
amarujala_a667d456	listing
amarujala_a7528ac6	listing
amarujala_a84b6915	listing
amarujala_a8a48db0	listing
amarujala_a8aa1b05	listing
amarujala_a8b71738	listing
amarujala_a8ce46cd	listing
amarujala_aa7fb656	listing
amarujala_aaa9c799	listing
amarujala_aafc404c	listing
amarujala_ac0ddc29	listing
amarujala_ad592f3c	listing
amarujala_ad5ae97b	listing
amarujala_ad699d23	listing
amarujala_ad742757	listing
amarujala_ad811900	listing
amarujala_ae07e043	listing
amarujala_ae7f595a	listing
amarujala_aebfb46e	listing
amarujala_af475167	listing
amarujala_af781b65	listing
amarujala_afd0d6a5	listing
amarujala_b0a97b68	listing
amarujala_b292d9ee	listing
amarujala_b2980047	listing
amarujala_b2d5910a	listing
amarujala_b441aa5e	listing
amarujala_b4d5b0b9	listing
amarujala_b5c2c386	listing
amarujala_b600e4b2	listing
amarujala_b62bf2ed	listing
amarujala_b65db29f	listing
amarujala_b6614cc4	listing
amarujala_b702bcde	listing
amarujala_b73a4e87	listing
amarujala_b7bca9bd	listing
amarujala_b8f552e5	listing
amarujala_b9086635	listing
amarujala_b9a21158	listing
amarujala_ba6e642d	listing
amarujala_bb50424f	listing
amarujala_bc62c7b3	listing
amarujala_bc9dc20d	listing
amarujala_bcf70e5d	listing
amarujala_bd9add83	listing
amarujala_bdccc06e	listing
amarujala_bf5542a5	listing
amarujala_c028a01a	listing
amarujala_c035df4e	listing
amarujala_c050f8f4	listing
amarujala_c094b5b6	listing
amarujala_c0e39f3c	listing
amarujala_c1575209	listing
amarujala_c2ee8597	listing
amarujala_c4340f12	listing
amarujala_c435b617	listing
amarujala_c4431da1	listing
amarujala_c4bb11ea	listing
amarujala_c4e8953a	listing
amarujala_c53e9643	listing
amarujala_c5c4409e	listing
amarujala_c6d0df40	listing
amarujala_c6ededed	listing
amarujala_c76b7764	listing
amarujala_c7a3d3e7	listing
amarujala_c8160d6d	listing
amarujala_ca6a351c	listing
amarujala_cacb9169	listing
amarujala_cadcc6ad	listing
amarujala_cae84478	listing
amarujala_cc348e1d	listing
amarujala_cda8e8c0	listing
amarujala_cdcf586c	listing
amarujala_cebd9864	listing
amarujala_cf1eaa3e	listing
amarujala_cf2515b3	listing
amarujala_cfb5f073	listing
amarujala_d056a7c8	listing
amarujala_d0587589	listing
amarujala_d0d4ba3b	listing
amarujala_d1132988	listing
amarujala_d1511c60	listing
amarujala_d1a5c60d	listing
amarujala_d1d3cf47	listing
amarujala_d2ee6643	listing
amarujala_d3db438f	listing
amarujala_d409b46b	listing
amarujala_d4bc4a17	listing
amarujala_d5b75087	listing
amarujala_d602b7e1	listing
amarujala_d6becd1b	listing
amarujala_d892569a	listing
amarujala_d96c3046	listing
amarujala_d9942a98	listing
amarujala_d9b30ebc	listing
amarujala_da7f2522	listing
amarujala_dace3a7a	listing
amarujala_dcfc05ec	listing
amarujala_ddee8ebc	listing
amarujala_de481635	listing
amarujala_df509a26	listing
amarujala_dfb1438e	listing
amarujala_dfd072b7	listing
amarujala_e0259ec9	listing
amarujala_e0274003	listing
amarujala_e060c9d8	listing
amarujala_e0f8a1b3	listing
amarujala_e2cb3fc5	listing
amarujala_e36dcbd6	listing
amarujala_e3f9fd5f	listing
amarujala_e4aa847a	listing
amarujala_e4f9d482	listing
amarujala_e5576be8	listing
amarujala_e5de5371	listing
amarujala_e656a079	listing
amarujala_e66c6483	listing
amarujala_e6aeb916	listing
amarujala_e73f346c	listing
amarujala_e8058dec	listing
amarujala_e80fea5b	listing
amarujala_e915de61	listing
amarujala_e9e08cd1	listing
amarujala_eab1d046	listing
amarujala_ead5455d	listing
amarujala_ec3ed7cb	listing
amarujala_edbf441d	listing
amarujala_ef538d29	listing
amarujala_f0cc0f2d	listing
amarujala_f0d13d95	listing
amarujala_f1d2837c	listing
amarujala_f393ba83	listing
amarujala_f5eed7cd	listing
amarujala_f60dd30e	listing
amarujala_f6655ec3	listing
amarujala_f6c81f02	listing
amarujala_f713448b	listing
amarujala_f87ab1a2	listing
amarujala_fada7c22	listing
amarujala_fb4de50d	listing
amarujala_fb714d1a	listing
amarujala_fcb52647	listing
amarujala_fd231661	listing
amarujala_fd85b1aa	listing
amarujala_fd86a83f	listing
amarujala_fde8b24f	listing
amarujala_fec1499a	listing
amarujala_ffe9fdf0	listing
jagran_0237ab65	listing
jagran_0240287c	listing
jagran_13664538	listing
jagran_1ae0cf63	listing
jagran_1cc82ca4	listing
jagran_1fb00259	listing
jagran_20fa9cd9	listing
jagran_261db94b	listing
jagran_279f4654	listing
jagran_3a997750	listing
jagran_3e93141a	listing
jagran_418e1acd	listing
jagran_41f5ceab	listing
jagran_462bf88d	listing
jagran_4b1d431b	listing
jagran_4b4aafb7	listing
jagran_4dfbfaf4	listing
jagran_5beafa53	listing
jagran_5ded2d85	listing
jagran_6d990144	listing
jagran_702b2ca4	listing
jagran_72be8b14	listing
jagran_76cc6de7	listing
jagran_77dbcfeb	listing
jagran_78c8934e	listing
jagran_7b838cb8	listing
jagran_89f7e844	listing
jagran_989acc7f	listing
jagran_9aad1b81	listing
jagran_a026a2f0	listing
jagran_a0afe46a	listing
jagran_a47a1ffa	listing
jagran_a4caa118	listing
jagran_a8fb56b6	listing
jagran_a94eb9fe	listing
jagran_a96b03be	listing
jagran_ad104a2a	listing
jagran_ae099f20	listing
jagran_ae509736	listing
jagran_b336e781	listing
jagran_b3dc921e	listing
jagran_b6de51cf	listing
jagran_bd2943ef	listing
jagran_cbcdeb0a	listing
jagran_ce8551f3	listing
jagran_d22d44b7	listing
jagran_d795614b	listing
jagran_def21c54	listing
jagran_e37b6592	listing
jagran_e635b7f4	listing
jagran_e681bf4f	listing
jagran_e80de908	listing
jagran_f0948cd8	listing
jagran_f322d95d	listing
jagran_f3d24c55	listing
jagran_f79ca6d3	listing
jagran_fc437eb6	listing
jagran_fc47d777	listing
livehindustan_03471add	listing
livehindustan_058bdc0f	listing
livehindustan_07f93a44	listing
livehindustan_0929eb72	listing
livehindustan_098294e7	listing
livehindustan_09b4a705	listing
livehindustan_09c64e3e	listing
livehindustan_0ad43268	listing
livehindustan_0d668a4e	listing
livehindustan_0e125f54	listing
livehindustan_0f40b011	listing
livehindustan_0f89901a	listing
livehindustan_0fad1a6d	listing
livehindustan_0ff57599	listing
livehindustan_10ce468b	listing
livehindustan_11b1dadc	listing
livehindustan_120d8b0f	listing
livehindustan_1232bd03	listing
livehindustan_127dd6cc	listing
livehindustan_128fb1f9	listing
livehindustan_1323588f	listing
livehindustan_13242a1e	listing
livehindustan_13943b0e	listing
livehindustan_13bc4cc3	listing
livehindustan_14eaaf7d	listing
livehindustan_1530c54d	listing
livehindustan_18f61fea	listing
livehindustan_1a05662a	listing
livehindustan_1aa05ad1	listing
livehindustan_1ad74c78	listing
livehindustan_1c84b114	listing
livehindustan_1cbb4c13	listing
livehindustan_1cf69482	listing
livehindustan_1d99eed7	listing
livehindustan_1dfb3cd9	listing
livehindustan_1e141874	listing
livehindustan_1e330489	listing
livehindustan_1f0ee77b	listing
livehindustan_1faff7ad	listing
livehindustan_21ea1b7d	listing
livehindustan_235d9bfd	listing
livehindustan_23b0461e	listing
livehindustan_23c871e7	listing
livehindustan_294fec05	listing
livehindustan_2c22e7d6	listing
livehindustan_2ef7fd7e	listing
livehindustan_2f042958	listing
livehindustan_2f05c1b3	listing
livehindustan_300e2917	listing
livehindustan_3024071c	listing
livehindustan_303f8aad	listing
livehindustan_30435118	listing
livehindustan_31634b33	listing
livehindustan_31f3bd23	listing
livehindustan_32623e2b	listing
livehindustan_3282a655	listing
livehindustan_340269be	listing
livehindustan_34a00eda	listing
livehindustan_354da075	listing
livehindustan_37e56a83	listing
livehindustan_39d5aa6f	listing
livehindustan_3a36f1ee	listing
livehindustan_3a7e6970	listing
livehindustan_3c3e3cfc	listing
livehindustan_3cfc46c0	listing
livehindustan_3d6b6003	listing
livehindustan_3da13c56	listing
livehindustan_3fa66680	listing
livehindustan_4035e2e3	listing
livehindustan_4425e67d	listing
livehindustan_4473d633	listing
livehindustan_4656360a	listing
livehindustan_468ac4f4	listing
livehindustan_46ebea0c	listing
livehindustan_48b2c52c	listing
livehindustan_4950a42f	listing
livehindustan_497e8693	listing
livehindustan_4b154928	listing
livehindustan_4dd8a8fa	listing
livehindustan_4df97841	listing
livehindustan_4e374a0d	listing
livehindustan_4f08d5c5	listing
livehindustan_51b44fa4	listing
livehindustan_51f20e9d	listing
livehindustan_5399b8cc	listing
livehindustan_54aaafcd	listing
livehindustan_55cf0613	listing
livehindustan_55efb682	listing
livehindustan_57568a85	listing
livehindustan_5809eddd	listing
livehindustan_58a33ea5	listing
livehindustan_58bdb627	listing
livehindustan_5947aeca	listing
livehindustan_5947f328	listing
livehindustan_594885d8	listing
livehindustan_599a36e0	listing
livehindustan_5be384f0	listing
livehindustan_5c30015a	listing
livehindustan_5e53dc2a	listing
livehindustan_5ffe4000	listing
livehindustan_61e35d77	listing
livehindustan_62f32d1e	listing
livehindustan_63208c0e	listing
livehindustan_63681da7	listing
livehindustan_63e2aeab	listing
livehindustan_644917ba	listing
livehindustan_66fd1a0b	listing
livehindustan_67559c4c	listing
livehindustan_6882dd35	listing
livehindustan_699f5306	listing
livehindustan_699f9a54	listing
livehindustan_6a30563f	listing
livehindustan_6b1e5715	listing
livehindustan_6bf10adc	listing
livehindustan_6bfa3bc2	listing
livehindustan_6ce42575	listing
livehindustan_6cfa004d	listing
livehindustan_6e523745	listing
livehindustan_6e73f387	listing
livehindustan_6f08e4ea	listing
livehindustan_6f1fb8ae	listing
livehindustan_6f7ed473	listing
livehindustan_708084ff	listing
livehindustan_708e3817	listing
livehindustan_70bdc3ec	listing
livehindustan_71fd9d7c	listing
livehindustan_746d1d48	listing
livehindustan_752bdb76	listing
livehindustan_768f6cc3	listing
livehindustan_77977f7c	listing
livehindustan_77ec7fe8	listing
livehindustan_78710921	listing
livehindustan_797c5742	listing
livehindustan_7a00bd03	listing
livehindustan_7a09cc34	listing
livehindustan_7abd1050	listing
livehindustan_7b01afa6	listing
livehindustan_7df11b6c	listing
livehindustan_7e90b3fd	listing
livehindustan_7f300ef5	listing
livehindustan_7fbfc8c7	listing
livehindustan_81322485	listing
livehindustan_827e4e2e	listing
livehindustan_83a6a0b4	listing
livehindustan_84f20ce9	listing
livehindustan_8510d63a	listing
livehindustan_858764fd	listing
livehindustan_863741eb	listing
livehindustan_86e19d14	listing
livehindustan_86ed5995	listing
livehindustan_86f9026b	listing
livehindustan_8749084b	listing
livehindustan_885f4079	listing
livehindustan_89282106	listing
livehindustan_8a53be31	listing
livehindustan_8b55f470	listing
livehindustan_8e048845	listing
livehindustan_8ea6cfda	listing
livehindustan_8f27b74b	listing
livehindustan_8fa6e64d	listing
livehindustan_919dd964	listing
livehindustan_935979a3	listing
livehindustan_93e0b7e9	listing
livehindustan_962511d8	listing
livehindustan_97d54c5d	listing
livehindustan_99367aaa	listing
livehindustan_9aa2435b	listing
livehindustan_9c7041eb	listing
livehindustan_9debe06a	listing
livehindustan_9e8393ef	listing
livehindustan_a0332b05	listing
livehindustan_a0615cec	listing
livehindustan_a067629f	listing
livehindustan_a0848760	listing
livehindustan_a127a13c	listing
livehindustan_a55e1d71	listing
livehindustan_a634af13	listing
livehindustan_a63e2812	listing
livehindustan_a76c9a2a	listing
livehindustan_a78a1344	listing
livehindustan_a7978c8f	listing
livehindustan_ab56def4	listing
livehindustan_abe2345e	listing
livehindustan_aeb751de	listing
livehindustan_af061be0	listing
livehindustan_af8891cf	listing
livehindustan_aff87d85	listing
livehindustan_b0a9046b	listing
livehindustan_b1eeadca	listing
livehindustan_b2c3c96c	listing
livehindustan_b2d137e6	listing
livehindustan_b2fa3ff5	listing
livehindustan_b32bc04f	listing
livehindustan_b3ae90c7	listing
livehindustan_b40a3cbd	listing
livehindustan_b4b832a8	listing
livehindustan_b54c43e0	listing
livehindustan_b6b227ae	listing
livehindustan_b70bb989	listing
livehindustan_b8b4757e	listing
livehindustan_ba378ad8	listing
livehindustan_ba561a5f	listing
livehindustan_ba89223b	listing
livehindustan_bacbca0b	listing
livehindustan_bae8e3d3	listing
livehindustan_bb880166	listing
livehindustan_bb8edece	listing
livehindustan_bc2af086	listing
livehindustan_bd6571a6	listing
livehindustan_be4ffe97	listing
livehindustan_c0d3ae6a	listing
livehindustan_c17e7ba1	listing
livehindustan_c23a6673	listing
livehindustan_c62fddd1	listing
livehindustan_c64055f3	listing
livehindustan_c65a38b0	listing
livehindustan_c6940a40	listing
livehindustan_c6d78069	listing
livehindustan_c9016218	listing
livehindustan_ca9f2a31	listing
livehindustan_cac67e83	listing
livehindustan_cc4bc341	listing
livehindustan_cc60e647	listing
livehindustan_cc6e5b40	listing
livehindustan_cce57c56	listing
livehindustan_cf017ce0	listing
livehindustan_cf64bc03	listing
livehindustan_d11940fa	listing
livehindustan_d197e2f9	listing
livehindustan_d21601ca	listing
livehindustan_d4e9a8f8	listing
livehindustan_d5b71aba	listing
livehindustan_d67d1994	listing
livehindustan_d67db8dc	listing
livehindustan_d732879f	listing
livehindustan_d8357143	listing
livehindustan_d84b7bdc	listing
livehindustan_d854c749	listing
livehindustan_d873abbc	listing
livehindustan_d8d1891d	listing
livehindustan_d9576b2c	listing
livehindustan_d9d0c2f2	listing
livehindustan_da8a33fe	listing
livehindustan_dcf0af3e	listing
livehindustan_dd9e67e4	listing
livehindustan_de521d9f	listing
livehindustan_e15b4bb1	listing
livehindustan_e2392a99	listing
livehindustan_e2b37627	listing
livehindustan_e326ef08	listing
livehindustan_e35c0ff1	listing
livehindustan_e4273a51	listing
livehindustan_e4c5f6ea	listing
livehindustan_e526a329	listing
livehindustan_e56d4339	listing
livehindustan_e618967a	listing
livehindustan_e85a9d90	listing
livehindustan_e86a41b6	listing
livehindustan_e88e1d21	listing
livehindustan_ec67d3dc	listing
livehindustan_ed51f923	listing
livehindustan_ef640b74	listing
livehindustan_efd07598	listing
livehindustan_eff2e9be	listing
livehindustan_f2122629	listing
livehindustan_f53ba45e	listing
livehindustan_f8916e04	listing
livehindustan_fa9545b1	listing
livehindustan_fa9602ed	listing
livehindustan_fb31d3cd	listing
livehindustan_fd7bbf2d	listing
livehindustan_ff26cf36	listing
livehindustan_ff8484c7	listing
livehindustan_ffcaaf5a	listing
nbt_06001f8b	listing
nbt_134686135	horoscope
nbt_134749337	horoscope
nbt_172708b0	listing
nbt_21f8fe84	listing
nbt_318f0b52	listing
nbt_39a83c98	listing
nbt_3ebca399	listing
nbt_6252833d	listing
nbt_6d333fed	listing
nbt_77dfbbfc	listing
nbt_8a59dd4e	listing
nbt_a3f42295	listing
nbt_aa602aa2	listing
nbt_c2ab8ade	listing
nbt_e7f2a536	listing
nbt_fda5f6f8	listing
