need_id	doc_id
R01	jagran_40396681
R01	livehindustan_ef55faf7
R01	nbt_134746338
R01	nbt_134746226
R01	aajtak_02ef71a0
R01	livehindustan_52986407
R01	jagran_40396686
R01	livehindustan_51f20e9d
R01	aajtak_43737179
R01	livehindustan_a18886f0
R01	amarujala_4126bce7
R01	jagran_b336e781
R01	amarujala_10628deb
R01	amarujala_97b21043
R01	livehindustan_7bf9d621
R01	nbt_134689387
R01	amarujala_bb50424f
R01	amarujala_82540ff6
R01	amarujala_13a48691
R01	amarujala_ca6a351c
R01	livehindustan_eff2e9be
R01	livehindustan_a0615cec
R01	aajtak_7f736382
R01	aajtak_9a419c6b
R01	amarujala_7e025243
R01	amarujala_4487edf8
R01	aajtak_af4533d5
R01	jagran_e37b6592
R01	jagran_5ded2d85
R01	aajtak_1203e555
R01	jagran_40396802
R01	aajtak_dd88362b
R01	jagran_40396733
R01	nbt_134753278
R01	livehindustan_3632f55c
R01	livehindustan_a0455cf8
R01	aajtak_e96b56cb
R01	amarujala_01f51e2e
R02	livehindustan_4e942b87
R02	amarujala_fb6f0053
R02	livehindustan_a89f325e
R02	livehindustan_3754ed62
R02	aajtak_7b24e2f8
R02	aajtak_a7d66dc8
R02	aajtak_7d0697d1
R02	nbt_134755539
R02	livehindustan_2dd0222e
R02	livehindustan_2ca1b650
R02	amarujala_25ee3c6e
R02	amarujala_52df031b
R02	livehindustan_76aaa2e1
R02	livehindustan_c499ca57
R02	livehindustan_67ce091d
R02	nbt_134732650
R02	livehindustan_2769e18b
R02	nbt_134755510
R02	livehindustan_d33a49fe
R02	jagran_40397059
R02	aajtak_22e0f5e0
R02	livehindustan_eed20526
R02	jagran_40397091
R02	jagran_40396492
R02	livehindustan_c578942d
R02	nbt_134761937
R02	aajtak_2ac59dc3
R02	jagran_40396638
R02	jagran_40396629
R02	livehindustan_2609e53e
R02	livehindustan_0a62db77
R02	nbt_134708080
R02	livehindustan_ef619651
R02	livehindustan_321262d7
R02	jagran_40396642
R02	nbt_134745553
R02	livehindustan_d6e7af98
R03	jagran_40396931
R03	aajtak_cc99d02b
R03	jagran_40396467
R03	livehindustan_845fa0c3
R03	jagran_40395910
R03	aajtak_a6adb1d2
R03	jagran_40396728
R03	livehindustan_75d1acce
R03	jagran_40396574
R03	nbt_134756181
R03	amarujala_10628deb
R03	jagran_40396195
R03	aajtak_55691e21
R03	amarujala_7bc6469f
R03	jagran_40396913
R03	jagran_40395911
R03	amarujala_fd85b1aa
R03	aajtak_d54be702
R03	jagran_40397140
R03	jagran_40396531
R03	jagran_40396620
R03	jagran_40396698
R03	amarujala_153aad4a
R03	nbt_134737272
R03	aajtak_ef1686b6
R03	aajtak_37cd0609
R03	nbt_134761657
R03	jagran_40396377
R03	livehindustan_345c2edc
R03	livehindustan_1bac944b
R03	livehindustan_882d3b77
R03	livehindustan_148fc38d
R03	jagran_40396804
R03	livehindustan_f4ef00af
R03	livehindustan_ec744434
R03	jagran_40396430
R03	jagran_40396048
R03	aajtak_73347175
R04	nbt_134746829
R04	amarujala_2b7172e9
R04	jagran_40396772
R04	livehindustan_39d5aa6f
R04	aajtak_9dffe82c
R04	livehindustan_6eb05338
R04	nbt_134758949
R04	amarujala_d1132988
R04	amarujala_06212ab8
R04	amarujala_27a88b05
R04	livehindustan_a0615cec
R04	jagran_40396953
R04	jagran_40396549
R04	amarujala_68550393
R04	jagran_40396837
R04	amarujala_d5b75087
R04	aajtak_2ac59dc3
R04	livehindustan_eff2e9be
R04	amarujala_167df708
R04	jagran_40397033
R04	jagran_e80de908
R04	jagran_a8fb56b6
R04	amarujala_e656a079
R04	nbt_134721938
R04	livehindustan_015baf02
R04	jagran_40397220
R04	aajtak_673c6ded
R04	amarujala_04ca60bb
R04	aajtak_f8ba6a3b
R04	nbt_134760581
R04	aajtak_31218521
R04	nbt_134744629
R04	livehindustan_4704d0db
R04	nbt_134705757
R04	nbt_134687824
R04	jagran_40396394
R04	jagran_40396317
R04	jagran_40397073
R04	livehindustan_03471add
R04	jagran_40396799
R04	aajtak_248c7964
R04	nbt_134753645
R04	amarujala_dbf3c0f5
R04	amarujala_825cac8b
R04	amarujala_9a822ca8
R04	jagran_40396545
R04	jagran_40396246
R04	jagran_40395857
R04	livehindustan_754bfb6d
R04	jagran_40396260
R05	livehindustan_3189fea1
R05	aajtak_31b38bcd
R05	livehindustan_48a7b7b0
R05	jagran_40396466
R05	jagran_40396600
R05	jagran_40396785
R05	nbt_134705277
R05	aajtak_ede02854
R05	jagran_40396282
R05	aajtak_a2913345
R05	jagran_40396101
R05	jagran_40396534
R05	jagran_40396024
R05	amarujala_6483d03c
R05	jagran_40396411
R05	jagran_40396646
R05	aajtak_bfaa0694
R05	livehindustan_789d50d4
R05	amarujala_dcfc05ec
R05	amarujala_d5b75087
R05	amarujala_95e0eb8d
R05	amarujala_d1132988
R05	amarujala_97b21043
R05	amarujala_03b1759f
R05	jagran_40397242
R05	amarujala_d1d3cf47
R05	aajtak_1d9b591b
R05	livehindustan_e2392a99
R05	aajtak_c21df696
R05	livehindustan_5c30015a
R05	amarujala_669fbc44
R05	jagran_40396247
R05	jagran_40396792
R05	livehindustan_9374d251
R05	livehindustan_a6bf1e34
R05	jagran_41f5ceab
R05	nbt_134700430
R05	jagran_40397146
R05	jagran_40396438
R05	nbt_134733641
R05	livehindustan_51b44fa4
R05	nbt_6d333fed
R05	jagran_40395902
R05	jagran_40396850
R05	jagran_40397065
R05	jagran_40397167
R05	amarujala_bc62c7b3
R05	nbt_134738712
R05	nbt_134757330
R05	aajtak_c934f3d7
R05	aajtak_dc5d94d7
R06	aajtak_0f695a14
R06	jagran_30000760
R06	jagran_40396714
R06	nbt_134759378
R06	nbt_134720526
R06	aajtak_2770163b
R06	aajtak_0046bc84
R06	livehindustan_17fdcc6e
R06	aajtak_5638c8a8
R06	livehindustan_57f7ec3e
R06	jagran_40396466
R06	amarujala_bf5542a5
R06	amarujala_91972013
R06	livehindustan_90150984
R06	amarujala_25c3f68b
R06	aajtak_3d3a9961
R06	amarujala_c028a01a
R06	nbt_134745471
R06	nbt_134746198
R06	aajtak_bfaa0694
R06	amarujala_059c7e07
R06	aajtak_a545d36a
R06	jagran_40396623
R06	amarujala_fd231661
R06	amarujala_95640d8a
R06	amarujala_63417427
R06	amarujala_b441aa5e
R06	amarujala_c7a3d3e7
R06	nbt_134715684
R06	aajtak_fc238f18
R06	nbt_134720694
R06	livehindustan_a8f467c0
R06	nbt_134759996
R06	jagran_40396155
R06	nbt_134759843
R06	nbt_134752992
R06	amarujala_d1511c60
R07	aajtak_d8e928ca
R07	livehindustan_c8a8ae00
R07	nbt_134744659
R07	amarujala_01c4fd66
R07	livehindustan_1f8ac489
R07	livehindustan_fb1334c5
R07	nbt_134738715
R07	amarujala_52df031b
R07	nbt_134726457
R07	amarujala_25ee3c6e
R07	amarujala_d1511c60
R07	amarujala_7c65cc0d
R07	aajtak_43737179
R07	livehindustan_6f08e4ea
R07	aajtak_4d1fe928
R07	jagran_40397154
R07	amarujala_439cb554
R07	amarujala_2901156b
R07	amarujala_26c5f0c6
R07	jagran_40395902
R07	aajtak_802216a0
R07	amarujala_1e8be3df
R07	amarujala_1b9c11b0
R07	aajtak_7d0697d1
R07	nbt_134756998
R07	livehindustan_e94bb792
R07	jagran_bd2943ef
R07	aajtak_438e80e3
R07	livehindustan_a76c9a2a
R07	livehindustan_bb880166
R07	aajtak_3ae52cc7
R07	amarujala_22fe5648
R07	jagran_a026a2f0
R07	livehindustan_1647d89f
R07	nbt_134743294
R07	livehindustan_eed20526
R07	nbt_134755510
R07	aajtak_eb0b05ff
R07	livehindustan_e8af8bca
R07	livehindustan_feb0bc4a
R07	amarujala_fd85b1aa
R07	amarujala_fb6f0053
R07	jagran_40397148
R07	livehindustan_07f93a44
R07	aajtak_4a60a42e
R07	jagran_40397178
R07	livehindustan_31f3bd23
R07	livehindustan_cfc284ba
R07	amarujala_9adbbff3
R08	amarujala_db361af5
R08	aajtak_9743d2df
R08	nbt_134747306
R08	aajtak_651152e6
R08	livehindustan_1efe8d18
R08	amarujala_e73f346c
R08	amarujala_59931063
R08	aajtak_5c2cba8b
R08	amarujala_8c3fe3b5
R08	amarujala_10fb64e0
R08	amarujala_64543549
R08	amarujala_04f937fa
R08	amarujala_9f204784
R08	aajtak_924a860d
R08	aajtak_8b07e4f9
R08	amarujala_36df2931
R08	aajtak_1b7521f1
R08	amarujala_c4431da1
R08	aajtak_7e764b9c
R08	jagran_40396574
R08	livehindustan_a0332b05
R08	amarujala_022838e9
R08	amarujala_4e147f49
R08	livehindustan_355382cf
R08	jagran_40396753
R08	amarujala_4bbb3e6a
R08	amarujala_7fa51c23
R08	jagran_40397000
R08	aajtak_61e1011f
R08	livehindustan_c49f6c05
R08	aajtak_6b7ed82d
R08	amarujala_baae7439
R08	jagran_40396664
R08	nbt_134745759
R08	aajtak_9569cf7d
R08	livehindustan_48c9a28d
R08	aajtak_c6ac4500
R08	jagran_40396036
R08	jagran_40397142
R08	jagran_40397248
R08	aajtak_8ace78f5
R08	jagran_40396726
R08	aajtak_d6409fb9
R08	jagran_40396782
R08	amarujala_367d34f2
V01	nbt_134761437
V01	nbt_134731479
V01	jagran_40396759
V01	jagran_40396212
V01	jagran_40396453
V01	nbt_134753378
V01	jagran_40396137
V01	nbt_134720175
V01	jagran_40396802
V01	livehindustan_a0455c96
V01	jagran_40396898
V01	jagran_40396381
V01	jagran_40395330
V01	aajtak_d340ee53
V01	amarujala_36df2931
V01	aajtak_8b9f36c7
V01	amarujala_6b4a5822
V01	amarujala_72950b17
V01	jagran_40396730
V01	jagran_40397295
V01	amarujala_84003340
V01	amarujala_3293127b
V01	jagran_40396830
V01	amarujala_1e724879
V01	jagran_40397255
V01	jagran_d22d44b7
V01	jagran_b336e781
V01	livehindustan_e0df95ff
V01	jagran_40396298
V01	aajtak_8f3002ca
V01	livehindustan_e5e9eda4
V01	jagran_40396871
V01	aajtak_6c56289b
V01	jagran_40396798
V01	jagran_40396809
V01	livehindustan_01e980da
V01	nbt_134741702
V01	livehindustan_607662e0
V01	livehindustan_79c5d357
V01	jagran_40396692
V01	aajtak_59eef834
V01	livehindustan_52091913
V01	aajtak_4a5e1582
V01	livehindustan_fd138d63
V01	amarujala_876ffb70
V01	livehindustan_516b1203
V01	livehindustan_3cedf6cf
V01	jagran_40396227
V01	jagran_40396827
V01	livehindustan_7bf9d621
V01	livehindustan_3632f55c
V01	amarujala_6424b83c
V02	nbt_134753612
V02	livehindustan_23b0461e
V02	livehindustan_4e942b87
V02	aajtak_7b24e2f8
V02	aajtak_a962349e
V02	livehindustan_a89f325e
V02	amarujala_25ee3c6e
V02	aajtak_a7d66dc8
V02	livehindustan_2ca1b650
V02	livehindustan_3754ed62
V02	amarujala_28612f8c
V02	aajtak_133798ac
V02	amarujala_a8aa1b05
V02	livehindustan_c578942d
V02	amarujala_c094b5b6
V02	amarujala_26c5f0c6
V02	aajtak_22e0f5e0
V02	jagran_40396638
V02	jagran_40397059
V02	livehindustan_2609e53e
V02	jagran_40396642
V02	aajtak_39df07c9
V02	amarujala_97cfba73
V02	amarujala_52df031b
V02	amarujala_7c65cc0d
V02	amarujala_1b9c11b0
V02	livehindustan_d0e34c36
V02	amarujala_d1511c60
V02	nbt_134706246
V02	amarujala_fb6f0053
V02	nbt_134755539
V02	jagran_3e93141a
V02	aajtak_ecae3a75
V02	nbt_134745110
V02	livehindustan_d6e7af98
V02	livehindustan_1efb2b04
V02	nbt_134758804
V02	aajtak_53b6253e
V02	jagran_40396309
V02	livehindustan_4dd9efba
V02	nbt_134721374
V02	livehindustan_13aca9ab
V02	livehindustan_feb0bc4a
V02	livehindustan_6e29bf2f
V02	nbt_134732650
V02	aajtak_7d0697d1
V02	jagran_40396492
V02	jagran_40395949
V02	jagran_40397091
V02	jagran_40396491
V02	aajtak_4d620970
V02	livehindustan_1e141874
V02	livehindustan_07f93a44
V02	amarujala_9adbbff3
V02	jagran_40397197
V02	jagran_40396251
V02	aajtak_98a476a0
V02	aajtak_43f5f2e6
V02	livehindustan_321262d7
V02	aajtak_b2731762
V03	amarujala_6aab2bbb
V03	livehindustan_21f5732b
V03	amarujala_49f75963
V03	livehindustan_9a4b251f
V03	amarujala_562ab0d4
V03	amarujala_0286b1fc
V03	livehindustan_ecbc9221
V03	jagran_40396173
V03	livehindustan_b8866417
V03	jagran_40396962
V03	livehindustan_86f9026b
V03	amarujala_526f6908
V03	livehindustan_e2392a99
V03	livehindustan_ef640b74
V03	jagran_40397154
V03	jagran_ae099f20
V03	livehindustan_4f7ef67b
V03	aajtak_bcf20b02
V03	amarujala_fb4de50d
V03	amarujala_142ab372
V03	aajtak_c21df696
V03	aajtak_cc054be8
V03	livehindustan_1e330489
V03	amarujala_7c57c85e
V03	amarujala_6483d03c
V03	amarujala_0c93f7bd
V03	amarujala_6b4a5822
V03	amarujala_bf5542a5
V03	amarujala_64a05b57
V03	livehindustan_cfc284ba
V03	amarujala_e24f1ff4
V03	aajtak_273057dc
V03	jagran_ae509736
V03	jagran_bd2943ef
V03	amarujala_37cd734a
V03	livehindustan_6f08e4ea
V03	livehindustan_a76c9a2a
V03	livehindustan_bb880166
V03	livehindustan_f8916e04
V03	aajtak_a2913345
V03	jagran_40396462
V03	nbt_134743974
V03	nbt_134733168
V03	livehindustan_56362072
V03	jagran_40396506
V03	amarujala_0c23db91
V03	jagran_40396572
V03	livehindustan_a8c23172
V03	livehindustan_2b0f5ef9
V03	jagran_40396317
V03	aajtak_70896325
V03	jagran_40396540
V03	nbt_134721689
V03	aajtak_7527234a
V03	amarujala_a02bc3be
V03	livehindustan_a55e1d71
V03	nbt_fda5f6f8
V03	aajtak_98556ec3
V03	nbt_134747811
V03	nbt_8a59dd4e
V04	amarujala_0b4d3654
V04	livehindustan_e03120f0
V04	nbt_134722506
V04	aajtak_71c9f6f6
V04	nbt_134698056
V04	nbt_134755405
V04	nbt_134736870
V04	livehindustan_f9ecd5be
V04	aajtak_5b3aeec6
V04	livehindustan_3f868e09
V04	amarujala_c035df4e
V04	amarujala_a8b71738
V04	jagran_473ea07e
V04	aajtak_575d1f13
V04	aajtak_cbb4da63
V04	aajtak_14cd4621
V04	amarujala_7bc6469f
V04	amarujala_d3db438f
V04	aajtak_4685e98e
V04	aajtak_98556ec3
V04	aajtak_221a1670
V04	aajtak_0f70bae8
V04	aajtak_ccd3c2ee
V04	aajtak_e63222dd
V04	aajtak_c9b36d14
V04	aajtak_3701a111
V04	jagran_72be8b14
V04	aajtak_c6a8da66
V04	nbt_134737551
V04	jagran_40396999
V04	jagran_40395956
V04	amarujala_6171aa18
V04	livehindustan_87a4b902
V04	livehindustan_b82a1792
V04	aajtak_950a316d
V04	livehindustan_b0fd8798
V04	nbt_134726364
V05	livehindustan_7bf9d621
V05	amarujala_72950b17
V05	livehindustan_e35c0ff1
V05	aajtak_231516b8
V05	amarujala_c94c29ff
V05	amarujala_84003340
V05	livehindustan_ad573187
V05	livehindustan_7e90b3fd
V05	livehindustan_a0615cec
V05	livehindustan_39d5aa6f
V05	aajtak_d340ee53
V05	aajtak_d7a278c1
V05	aajtak_8b9f36c7
V05	amarujala_91e6368c
V05	amarujala_409523ac
V05	amarujala_0c23db91
V05	amarujala_4126bce7
V05	amarujala_04485eea
V05	amarujala_97489806
V05	amarujala_e0259ec9
V05	amarujala_3293127b
V05	amarujala_47e8d77b
V05	amarujala_86300995
V05	amarujala_dcfc05ec
V05	amarujala_c4bb11ea
V05	amarujala_6424b83c
V05	amarujala_70b1c09f
V05	amarujala_1e724879
V05	amarujala_afd0d6a5
V05	amarujala_03b1759f
V05	amarujala_e4aa847a
V05	amarujala_db361af5
V05	jagran_bd2943ef
V05	jagran_40396730
V05	jagran_40397295
V05	livehindustan_f8916e04
V05	livehindustan_6f08e4ea
V05	amarujala_271b5c2a
V05	jagran_40397255
V05	nbt_134729576
V05	jagran_40396933
V05	jagran_40396298
V05	jagran_40396137
V05	jagran_40396802
V05	nbt_134708470
V05	livehindustan_cc9920d2
V05	nbt_134761215
V05	jagran_40396318
V05	nbt_134741702
V05	aajtak_ee434802
V05	livehindustan_e94bb792
V05	aajtak_53dab124
V05	aajtak_25d045e4
V05	amarujala_40310641
V05	livehindustan_a503b559
V05	livehindustan_e37bb1c1
V05	nbt_134711281
V05	livehindustan_fd138d63
V05	jagran_40396581
V05	livehindustan_44af7758
V05	livehindustan_c81536a3
V05	aajtak_dd88362b
V05	jagran_40396434
V05	jagran_40397081
V05	amarujala_350d9bd0
V05	amarujala_8e90ec67
V05	amarujala_6e2f7ca2
V05	jagran_40397048
V05	jagran_40396795
V05	jagran_40396453
V05	nbt_134712532
V05	livehindustan_e0df95ff
V05	jagran_ad104a2a
V05	aajtak_75c35f3d
V05	jagran_40396982
V05	livehindustan_fe112d8a
V05	jagran_40395827
V05	livehindustan_f01660c7
V05	jagran_40396289
V05	livehindustan_eff2e9be
V05	livehindustan_8749084b
V05	livehindustan_94386c0d
V05	aajtak_0e458112
V05	amarujala_71bdb268
V05	amarujala_5626bc51
V05	amarujala_f661ca62
V05	livehindustan_76adea63
V05	nbt_134712256
V05	jagran_40396898
V06	livehindustan_bcc9d414
V06	livehindustan_61747b8a
V06	nbt_134737986
V06	livehindustan_0e125f54
V06	aajtak_9b5d4320
V06	livehindustan_8cf48652
V06	amarujala_7bc6469f
V06	nbt_134707799
V06	nbt_134722178
V06	amarujala_763522d8
V06	aajtak_d7a278c1
V06	amarujala_25cdab78
V06	aajtak_8b9f36c7
V06	aajtak_d340ee53
V06	amarujala_e0259ec9
V06	livehindustan_65a3653c
V06	aajtak_f0d61363
V06	livehindustan_db8de019
V06	amarujala_0b4d3654
V06	amarujala_a8b71738
V06	amarujala_c035df4e
V06	nbt_134755053
V06	jagran_72be8b14
V06	aajtak_c9b36d14
V06	aajtak_9cda3bf2
V06	aajtak_3701a111
V06	jagran_bd2943ef
V06	aajtak_857ead8c
V06	livehindustan_c8f0253f
V06	livehindustan_11d317e6
V06	aajtak_d3199a48
V06	aajtak_f805ca9d
V06	amarujala_e0301542
V06	livehindustan_3707bcef
V06	jagran_40396334
V06	jagran_40396280
V06	nbt_134757299
V06	livehindustan_e618967a
V06	livehindustan_5947f328
V06	nbt_134749337
V06	amarujala_51f387ed
V06	amarujala_f0cc0f2d
V06	jagran_40396227
V06	amarujala_533b639a
V06	jagran_40395948
V07	nbt_134722571
V07	jagran_40396281
V07	jagran_40397262
V07	nbt_134683754
V07	jagran_40397137
V07	jagran_40396625
V07	aajtak_52f981d5
V07	amarujala_7de62b0e
V07	nbt_134739695
V07	jagran_40396895
V07	amarujala_4bbb3e6a
V07	aajtak_42e8d53b
V07	aajtak_1d87196f
V07	aajtak_4e8c54a2
V07	aajtak_d6409fb9
V07	aajtak_1b7521f1
V07	aajtak_dd87c46a
V07	aajtak_924a860d
V07	aajtak_8b07e4f9
V07	amarujala_7558b4a3
V07	amarujala_1acd34e7
V07	jagran_40396574
V07	amarujala_763522d8
V07	amarujala_fde8b24f
V07	amarujala_600a4006
V07	amarujala_87d52eda
V07	amarujala_c5c4409e
V07	aajtak_412407a1
V07	aajtak_db98b5db
V07	amarujala_c7a3d3e7
V07	jagran_40396561
V07	amarujala_dd6a25f1
V07	aajtak_e0ffebc4
V07	amarujala_7c57c85e
V07	livehindustan_5afa699b
V07	amarujala_4a002280
V07	jagran_e37b6592
V07	livehindustan_142a8453
V07	amarujala_0f7cdce7
V07	amarujala_1bbfd0c3
V07	amarujala_5a87e217
V07	amarujala_86ebbe1b
V07	amarujala_aaa9c799
V07	amarujala_c4e8953a
V07	amarujala_04393cbd
V07	amarujala_78e8241f
V07	jagran_d22d44b7
V07	jagran_261db94b
V07	aajtak_6339d1b1
V07	amarujala_04f937fa
V07	jagran_40396816
V07	aajtak_d0a3d334
V07	jagran_40397296
V07	amarujala_7536fbc9
V07	jagran_40396749
V07	jagran_40396790
V07	jagran_40396409
V07	nbt_134747014
V07	jagran_40396877
V07	aajtak_d0092773
V07	amarujala_f393ba83
V07	jagran_40396391
V07	jagran_40397298
V07	jagran_40396457
V07	amarujala_5c3bcb4f
V07	jagran_40396380
V07	aajtak_eab88030
V07	aajtak_e38e1512
V07	aajtak_c8023d5f
V07	jagran_40396804
V07	livehindustan_6ec6de03
V07	jagran_40396728
V07	nbt_134753698
V07	jagran_40395921
V07	jagran_40397135
V07	aajtak_fb9cb755
V07	amarujala_09869bc5
V08	jagran_40396759
V08	jagran_40396212
V08	jagran_40396830
V08	amarujala_6424b83c
V08	jagran_40397048
V08	livehindustan_39c3d402
V08	amarujala_8ad6d0eb
V08	jagran_40396119
V08	livehindustan_faff3123
V08	amarujala_3293127b
V08	amarujala_3f821e81
V08	jagran_40396898
V08	jagran_40395330
V08	amarujala_86300995
V08	amarujala_72950b17
V08	aajtak_c699f464
V08	amarujala_a07bddf1
V08	amarujala_6b4a5822
V08	amarujala_6d8cb342
V08	amarujala_fd231661
V08	amarujala_f1dd2cc4
V08	jagran_bd2943ef
V08	amarujala_5d4fb0e5
V08	livehindustan_12ce416f
V08	aajtak_59eef834
V08	jagran_40397019
V08	nbt_134754661
V08	nbt_134747014
V08	aajtak_d2029e27
V08	jagran_40396289
V08	aajtak_334b4e55
V08	jagran_40396387
V08	livehindustan_516b1203
V08	livehindustan_ba89223b
V08	amarujala_c2ee8597
V08	amarujala_82692974
V08	jagran_40397255
V08	jagran_40396456
V08	jagran_40396453
