stem	total_frequency	forms	avg_similarity	min_similarity	max_collision	worst_form_a	worst_form_b	classification	surface_forms
किय	2916	2	0.75	0.75	0.0024691358024691358	किया	किये	STRONG	किया:2913, किये:3
किस	1291	3	0.7166666666666667	0.6	0.014354066985645933	किसी	किसे	STRONG	किसी:1269, किसे:12, किसने:10
ज्याद	1071	2	0.7142857142857143	0.7142857142857143	0.007177033492822967	ज्यादा	ज्यादती	STRONG	ज्यादा:1068, ज्यादती:3
शुर	745	2	0.75	0.75	0.013966480446927373	शुरू	शुरु	STRONG	शुरू:736, शुरु:9
दोन	695	2	0.8	0.8	0.016025641025641024	दोनों	दोनो	STRONG	दोनों:690, दोनो:5
साम	550	3	0.6666666666666666	0.6	0.05537459283387622	सामने	सामना	STRONG	सामने:480, सामना:68, सामी:2
मही	514	2	0.8	0.8	0.043137254901960784	महीने	महीना	STRONG	महीने:448, महीना:66
मंत्र	469	3	0.6825396825396824	0.5555555555555556	0.07534246575342465	मंत्री	मंत्रियों	STRONG	मंत्री:437, मंत्रियों:22, मंत्रों:10
आन	429	3	0.6666666666666666	0.6666666666666667	0.07608695652173914	आना	आने	STRONG	आने:372, आना:46, आनी:11
जानकार	426	4	0.725	0.6	0.09090909090909091	जानकारियां	जानकारियों	STRONG	जानकारी:397, जानकारियां:21, जानकारियों:4, जानकारों:4
बार	398	3	0.65	0.6	0.0	बारे	बारी	STRONG	बारे:388, बारी:6, बारां:4
आग	392	2	0.6666666666666667	0.6666666666666667	0.0	आगे	आगा	STRONG	आगे:390, आगा:2
जिसक	365	4	0.8000000000000002	0.8	0.08333333333333333	जिसके	जिसका	STRONG	जिसके:197, जिसकी:84, जिसका:71, जिसको:13
कैस	346	3	0.75	0.75	0.05291005291005291	कैसे	कैसी	STRONG	कैसे:300, कैसा:29, कैसी:17
व्यक्त	300	2	0.7	0.7	0.03597122302158273	व्यक्ति	व्यक्तियों	STRONG	व्यक्ति:288, व्यक्तियों:12
मौक	296	3	0.65	0.6	0.0893854748603352	मौका	मौके	STRONG	मौके:153, मौका:141, मौकों:2
विधानसभ	274	2	0.8	0.8	0.037383177570093455	विधानसभा	विधानसभाओं	STRONG	विधानसभा:268, विधानसभाओं:6
हिस्स	272	3	0.753968253968254	0.7142857142857143	0.08666666666666667	हिस्सा	हिस्से	STRONG	हिस्सा:190, हिस्से:50, हिस्सों:32
अगल	267	3	0.75	0.75	0.040229885057471264	अगले	अगली	STRONG	अगले:190, अगली:62, अगला:15
जिसम	255	2	0.8333333333333334	0.8333333333333334	0.0048543689320388345	जिसमें	जिसमे	STRONG	जिसमें:252, जिसमे:3
सरकार	254	3	0.7619047619047619	0.7142857142857143	0.006944444444444444	सरकारी	सरकारों	STRONG	सरकारी:235, सरकारें:10, सरकारों:9
स्थित	249	3	0.7407407407407408	0.6666666666666667	0.04838709677419355	स्थिति	स्थितियां	STRONG	स्थिति:235, स्थितियों:8, स्थितियां:6
भार	238	2	0.8	0.8	0.0	भारी	भारती	STRONG	भारी:223, भारती:15
तरीक	213	3	0.7111111111111112	0.6666666666666667	0.09243697478991597	तरीके	तरीका	STRONG	तरीके:137, तरीका:67, तरीकों:9
चर्च	208	3	0.7619047619047619	0.7142857142857143	0.02631578947368421	चर्चा	चर्चाएं	STRONG	चर्चा:194, चर्चाएं:10, चर्चाओं:4
पीछ	190	2	0.75	0.75	0.03278688524590164	पीछे	पीछा	STRONG	पीछे:175, पीछा:15
मुख्यमंत्र	190	2	0.7142857142857143	0.7142857142857143	0.04081632653061224	मुख्यमंत्री	मुख्यमंत्रियों	STRONG	मुख्यमंत्री:185, मुख्यमंत्रियों:5
हत्य	185	2	0.7142857142857143	0.7142857142857143	0.014084507042253521	हत्या	हत्याओं	STRONG	हत्या:183, हत्याओं:2
जिस	182	2	0.8	0.8	0.06293706293706294	जिसे	जिसने	STRONG	जिसे:154, जिसने:28
तीसर	159	3	0.8000000000000002	0.8	0.06521739130434782	तीसरे	तीसरी	STRONG	तीसरे:92, तीसरी:40, तीसरा:27
नीच	148	2	0.75	0.75	0.0	नीचे	नीचा	STRONG	नीचे:142, नीचा:6
नय	136	2	0.6666666666666667	0.6666666666666667	0.03260869565217391	नया	नये	STRONG	नया:133, नये:3
संभाव	133	3	0.8148148148148149	0.7777777777777778	0.06349206349206349	संभावना	संभावनाएं	STRONG	संभावना:126, संभावनाएं:4, संभावनाओं:3
इन्ह	130	3	0.7777777777777778	0.6666666666666667	0.07	इन्हें	इन्हीं	STRONG	इन्हें:101, इन्हीं:27, इन्हे:2
फायद	129	2	0.8	0.8	0.09333333333333334	फायदा	फायदे	STRONG	फायदा:104, फायदे:25
तैयार	122	3	0.6666666666666666	0.5555555555555556	0.0625	तैयारियों	तैयारियां	STRONG	तैयारी:101, तैयारियों:14, तैयारियां:7
लंब	122	4	0.7083333333333334	0.6	0.05555555555555555	लंबी	लंबे	STRONG	लंबे:69, लंबी:26, लंबा:20, लंबाई:7
बेंगलुर	120	2	0.875	0.875	0.016666666666666666	बेंगलुरु	बेंगलुरू	STRONG	बेंगलुरु:118, बेंगलुरू:2
घोषण	113	3	0.7619047619047619	0.7142857142857143	0.02857142857142857	घोषणा	घोषणाओं	STRONG	घोषणा:106, घोषणाएं:4, घोषणाओं:3
सेव	111	3	0.7222222222222223	0.6666666666666667	0.034482758620689655	सेवाओं	सेवा	STRONG	सेवा:90, सेवाएं:14, सेवाओं:7
बी	109	3	0.75	0.75	0.024691358024691357	बीते	बीती	STRONG	बीते:90, बीती:13, बीता:6
उसम	108	2	0.8	0.8	0.011904761904761904	उसमें	उसमे	STRONG	उसमें:105, उसमे:3
चिं	106	3	0.7619047619047619	0.7142857142857143	0.03773584905660377	चिंता	चिंताएं	STRONG	चिंता:100, चिंताओं:4, चिंताएं:2
बाल	105	4	0.6749999999999999	0.6	0.0	बालों	बालू	STRONG	बालों:91, बाला:7, बाली:5, बालू:2
वैस	103	3	0.75	0.75	0.09523809523809523	वैसे	वैसा	STRONG	वैसे:76, वैसा:19, वैसी:8
हफ्	100	2	0.8	0.8	0.025	हफ्ते	हफ्ता	STRONG	हफ्ते:98, हफ्ता:2
जिनक	100	4	0.8000000000000002	0.8	0.058823529411764705	जिनकी	जिनके	STRONG	जिनके:53, जिनकी:30, जिनका:14, जिनको:3
तुल	100	2	0.8	0.8	0.08108108108108109	तुलना	तुला	STRONG	तुलना:66, तुला:34
विधायक	100	2	0.75	0.75	0.0	विधायकों	विधायकी	STRONG	विधायकों:97, विधायकी:3
सन	100	2	0.6666666666666667	0.6666666666666667	0.0	सनी	सना	STRONG	सनी:60, सना:40
राज	98	5	0.6666666666666667	0.5	0.05263157894736842	राजा	राजाओं	STRONG	राजा:47, राजाओं:17, राजे:16, राजी:12, राजू:6
देंग	89	2	0.8	0.8	0.0136986301369863	देंगे	देंगी	STRONG	देंगे:78, देंगी:11
लेंग	89	2	0.8	0.8	0.014492753623188406	लेंगे	लेंगी	STRONG	लेंगे:82, लेंगी:7
सफल	82	3	0.7619047619047619	0.7142857142857143	0.022222222222222223	सफलता	सफलताओं	STRONG	सफलता:77, सफलताओं:3, सफलताएं:2
हव	82	4	0.6583333333333333	0.6	0.06666666666666667	हवाएं	हवाई	STRONG	हवा:48, हवाई:17, हवाओं:11, हवाएं:6
प्रक्रिय	80	2	0.8181818181818181	0.8181818181818181	0.0	प्रक्रिया	प्रक्रियाओं	STRONG	प्रक्रिया:78, प्रक्रियाओं:2
देग	79	2	0.75	0.75	0.07142857142857142	देगा	देगी	STRONG	देगा:50, देगी:29
अकेल	79	3	0.8000000000000002	0.8	0.09433962264150944	अकेले	अकेला	STRONG	अकेले:59, अकेला:12, अकेली:8
हल्क	79	3	0.8000000000000002	0.8	0.05555555555555555	हल्का	हल्के	STRONG	हल्की:53, हल्का:20, हल्के:6
आपस	79	2	0.75	0.75	0.06382978723404255	आपसे	आपसी	STRONG	आपसी:49, आपसे:30
नागरिक	78	2	0.75	0.75	0.09523809523809523	नागरिकों	नागरिकता	STRONG	नागरिकता:58, नागरिकों:20
आद	77	2	0.6666666666666667	0.6666666666666667	0.017543859649122806	आदि	आदी	STRONG	आदि:73, आदी:4
किल	76	3	0.75	0.75	0.0	किलो	किले	STRONG	किलो:69, किले:4, किला:3
खुलास	75	2	0.8333333333333334	0.8333333333333334	0.05555555555555555	खुलासा	खुलासे	STRONG	खुलासा:67, खुलासे:8
रुपय	70	3	0.7111111111111112	0.6666666666666667	0.034482758620689655	रुपये	रुपयों	STRONG	रुपये:62, रुपया:5, रुपयों:3
किनार	69	3	0.753968253968254	0.7142857142857143	0.08108108108108109	किनारे	किनारों	STRONG	किनारे:53, किनारों:10, किनारा:6
भरोस	69	2	0.8	0.8	0.02127659574468085	भरोसा	भरोसे	STRONG	भरोसा:60, भरोसे:9
सदस्य	68	2	0.7142857142857143	0.7142857142857143	0.02127659574468085	सदस्यों	सदस्यता	STRONG	सदस्यों:53, सदस्यता:15
कैमर	66	3	0.7111111111111112	0.6666666666666667	0.08108108108108109	कैमरे	कैमरा	STRONG	कैमरे:44, कैमरा:17, कैमरों:5
चु	65	3	0.75	0.75	0.05128205128205128	चुने	चुना	STRONG	चुना:37, चुने:14, चुनी:14
विदेश	65	3	0.6825396825396824	0.5555555555555556	0.05555555555555555	विदेशी	विदेशों	STRONG	विदेशी:48, विदेशों:15, विदेशियों:2
निश	65	2	0.8333333333333334	0.8333333333333334	0.043478260869565216	निशाना	निशाने	STRONG	निशाना:55, निशाने:10
आध	62	3	0.6666666666666666	0.6666666666666667	0.03571428571428571	आधा	आधी	STRONG	आधे:30, आधा:18, आधी:14
एशिय	61	2	0.8333333333333334	0.8333333333333334	0.07142857142857142	एशिया	एशियाई	STRONG	एशिया:47, एशियाई:14
ऑस्ट्रेलिय	58	2	0.9166666666666666	0.9166666666666666	0.034482758620689655	ऑस्ट्रेलिया	ऑस्ट्रेलियाई	STRONG	ऑस्ट्रेलिया:54, ऑस्ट्रेलियाई:4
महंग	58	4	0.7611111111111112	0.6666666666666667	0.0625	महंगे	महंगी	STRONG	महंगा:35, महंगी:14, महंगे:7, महंगाई:2
हिन्द	57	2	0.8333333333333334	0.8333333333333334	0.0	हिन्दी	हिन्दू	STRONG	हिन्दी:54, हिन्दू:3
चार	56	3	0.65	0.6	0.0	चारों	चारू	STRONG	चारों:52, चारू:2, चारा:2
दर्ज	56	2	0.8	0.8	0.038461538461538464	दर्जा	दर्जे	STRONG	दर्जा:51, दर्जे:5
रिय	54	2	0.75	0.75	0.0	रियो	रिया	STRONG	रिया:47, रियो:7
कब्ज	53	2	0.8	0.8	0.030303030303030304	कब्जा	कब्जे	STRONG	कब्जा:39, कब्जे:14
हवाल	53	2	0.8	0.8	0.0	हवाले	हवाला	STRONG	हवाले:40, हवाला:13
फ्ल	49	3	0.65	0.6	0.0	फ्लो	फ्लाई	STRONG	फ्लू:38, फ्लो:9, फ्लाई:2
बाब	49	2	0.75	0.75	0.03333333333333333	बाबू	बाबा	STRONG	बाबा:37, बाबू:12
प्र	49	2	0.75	0.75	0.07692307692307693	प्री	प्रो	STRONG	प्री:38, प्रो:11
सहार	48	2	0.8	0.8	0.06896551724137931	सहारा	सहारे	STRONG	सहारा:29, सहारे:19
मंड	47	2	0.75	0.75	0.0	मंडी	मंडे	STRONG	मंडी:42, मंडे:5
12व	47	2	0.8	0.8	0.0	12वीं	12वां	STRONG	12वीं:40, 12वां:7
काल	46	3	0.75	0.75	0.03125	काला	काले	STRONG	काले:20, काला:18, काली:8
मिश्र	46	2	0.8333333333333334	0.8333333333333334	0.0	मिश्रा	मिश्री	STRONG	मिश्रा:42, मिश्री:4
तुम्ह	46	2	0.8571428571428572	0.8571428571428572	0.0	तुम्हें	तुम्हीं	STRONG	तुम्हें:44, तुम्हीं:2
गिरफ्तार	46	2	0.6666666666666667	0.6666666666666667	0.0	गिरफ्तारी	गिरफ्तारियां	STRONG	गिरफ्तारी:44, गिरफ्तारियां:2
स्कूल	45	2	0.7142857142857143	0.7142857142857143	0.037037037037037035	स्कूलों	स्कूली	STRONG	स्कूलों:41, स्कूली:4
हजार	45	3	0.7111111111111112	0.6666666666666667	0.0	हजारों	हजारे	STRONG	हजारों:38, हजारी:4, हजारे:3
छुट्ट	43	3	0.6666666666666666	0.5555555555555556	0.043478260869565216	छुट्टी	छुट्टियां	STRONG	छुट्टी:36, छुट्टियों:4, छुट्टियां:3
धन	43	2	0.6666666666666667	0.6666666666666667	0.0	धनु	धनी	STRONG	धनु:34, धनी:9
शक्त	41	3	0.7083333333333334	0.625	0.038461538461538464	शक्तियां	शक्ति	STRONG	शक्ति:25, शक्तियां:10, शक्तियों:6
दिक्कत	41	2	0.875	0.875	0.0	दिक्कतें	दिक्कतों	STRONG	दिक्कतें:32, दिक्कतों:9
10व	41	2	0.8	0.8	0.0	10वीं	10वें	STRONG	10वीं:36, 10वें:5
अनुभव	40	2	0.7142857142857143	0.7142857142857143	0.041666666666666664	अनुभवों	अनुभवी	STRONG	अनुभवी:34, अनुभवों:6
तस्कर	40	2	0.7142857142857143	0.7142857142857143	0.08	तस्करी	तस्करों	STRONG	तस्करी:27, तस्करों:13
अंग्रेज	40	2	0.7777777777777778	0.7777777777777778	0.07407407407407407	अंग्रेजों	अंग्रेजी	STRONG	अंग्रेजी:24, अंग्रेजों:16
नतीज	39	3	0.7111111111111112	0.6666666666666667	0.047619047619047616	नतीजों	नतीजे	STRONG	नतीजे:18, नतीजा:12, नतीजों:9
योग	38	3	0.65	0.6	0.0	योगी	योगों	STRONG	योगी:30, योगा:6, योगों:2
अफ्रीक	37	2	0.8571428571428572	0.8571428571428572	0.1	अफ्रीकी	अफ्रीका	STRONG	अफ्रीका:28, अफ्रीकी:9
समझौ	37	2	0.8333333333333334	0.8333333333333334	0.08	समझौता	समझौते	STRONG	समझौता:25, समझौते:12
एंट	36	2	0.8	0.8	0.0	एंटी	एंटनी	STRONG	एंटी:32, एंटनी:4
घरवाल	35	2	0.7142857142857143	0.7142857142857143	0.09523809523809523	घरवालों	घरवाले	STRONG	घरवालों:29, घरवाले:6
मांसपेश	34	2	0.9090909090909091	0.9090909090909091	0.1	मांसपेशियों	मांसपेशियां	STRONG	मांसपेशियों:31, मांसपेशियां:3
मुनाफ	33	2	0.8333333333333334	0.8333333333333334	0.05555555555555555	मुनाफा	मुनाफे	STRONG	मुनाफा:30, मुनाफे:3
खास	33	4	0.6749999999999999	0.6	0.0	खासे	खासी	STRONG	खासकर:18, खासी:8, खासा:5, खासे:2
कनाड	33	2	0.8333333333333334	0.8333333333333334	0.05263157894736842	कनाडा	कनाडाई	STRONG	कनाडा:31, कनाडाई:2
पील	32	2	0.75	0.75	0.041666666666666664	पीला	पीले	STRONG	पीला:28, पीले:4
बेरोजगार	32	2	0.8	0.8	0.05	बेरोजगारों	बेरोजगारी	STRONG	बेरोजगारी:17, बेरोजगारों:15
दूंग	31	2	0.8	0.8	0.08	दूंगी	दूंगा	STRONG	दूंगा:21, दूंगी:10
वर्ष	30	2	0.6666666666666667	0.6666666666666667	0.05263157894736842	वर्षों	वर्षा	STRONG	वर्षों:18, वर्षा:12
दक्षिण	30	2	0.8571428571428572	0.8571428571428572	0.0	दक्षिणा	दक्षिणी	STRONG	दक्षिणी:23, दक्षिणा:7
नजर	29	3	0.6666666666666666	0.6	0.0	नजरों	नजरें	STRONG	नजरिए:17, नजरों:8, नजरें:4
मोट	29	5	0.71	0.6	0.0	मोटो	मोटी	STRONG	मोटी:13, मोटे:7, मोटो:4, मोटा:3, मोटाई:2
विचार	29	2	0.7142857142857143	0.7142857142857143	0.0	विचारों	विचारे	STRONG	विचारों:27, विचारे:2
कड़	29	3	0.75	0.75	0.05263157894736842	कड़ी	कड़ा	STRONG	कड़ी:20, कड़े:6, कड़ा:3
शास्त्र	29	2	0.7777777777777778	0.7777777777777778	0.0	शास्त्रों	शास्त्री	STRONG	शास्त्री:27, शास्त्रों:2
आपद	28	2	0.6666666666666667	0.6666666666666667	0.05	आपदा	आपदाएं	STRONG	आपदा:26, आपदाएं:2
पन्न	27	2	0.6666666666666667	0.6666666666666667	0.0	पन्नों	पन्नू	STRONG	पन्नू:19, पन्नों:8
आलोच	27	2	0.75	0.75	0.09090909090909091	आलोचना	आलोचनाओं	STRONG	आलोचना:22, आलोचनाओं:5
गरीब	27	2	0.6666666666666667	0.6666666666666667	0.09090909090909091	गरीबी	गरीबों	STRONG	गरीबी:21, गरीबों:6
पक्क	26	3	0.8000000000000002	0.8	0.07142857142857142	पक्का	पक्की	STRONG	पक्का:15, पक्के:8, पक्की:3
लेग	26	2	0.75	0.75	0.0	लेगा	लेगी	STRONG	लेगा:13, लेगी:13
जीर	26	2	0.75	0.75	0.0	जीरो	जीरा	STRONG	जीरो:23, जीरा:3
अधूर	25	3	0.8000000000000002	0.8	0.0625	अधूरा	अधूरे	STRONG	अधूरा:12, अधूरे:7, अधूरी:6
मजदूर	24	2	0.7142857142857143	0.7142857142857143	0.06666666666666667	मजदूरी	मजदूरों	STRONG	मजदूरी:18, मजदूरों:6
चाच	24	2	0.75	0.75	0.06666666666666667	चाचा	चाची	STRONG	चाचा:21, चाची:3
किसक	24	4	0.8000000000000002	0.8	0.1	किसके	किसकी	STRONG	किसके:9, किसको:6, किसकी:5, किसका:4
करी	23	2	0.8	0.8	0.0	करीने	करीना	STRONG	करीना:20, करीने:3
माल	23	4	0.7083333333333334	0.6	0.0	माले	मालती	STRONG	माला:15, माली:3, माले:3, मालती:2
भर्त	23	2	0.875	0.875	0.0	भर्तियां	भर्तियों	STRONG	भर्तियां:21, भर्तियों:2
सस्	23	3	0.8000000000000002	0.8	0.0	सस्ती	सस्ते	STRONG	सस्ता:13, सस्ती:7, सस्ते:3
जरूरत	22	2	0.8571428571428572	0.8571428571428572	0.05	जरूरतों	जरूरतें	STRONG	जरूरतों:16, जरूरतें:6
सिलसिल	22	2	0.8571428571428572	0.8571428571428572	0.0	सिलसिला	सिलसिले	STRONG	सिलसिला:19, सिलसिले:3
संस्कृत	22	2	0.7272727272727273	0.7272727272727273	0.0	संस्कृति	संस्कृतियों	STRONG	संस्कृति:20, संस्कृतियों:2
गुलाब	22	2	0.8333333333333334	0.8333333333333334	0.0	गुलाबी	गुलाबो	STRONG	गुलाबी:20, गुलाबो:2
कोशिश	22	2	0.8571428571428572	0.8571428571428572	0.05555555555555555	कोशिशों	कोशिशें	STRONG	कोशिशों:18, कोशिशें:4
दायर	21	2	0.8	0.8	0.0	दायरे	दायरा	STRONG	दायरे:12, दायरा:9
इशार	20	3	0.7111111111111112	0.6666666666666667	0.0	इशारे	इशारों	STRONG	इशारा:14, इशारे:4, इशारों:2
पाएग	20	2	0.8	0.8	0.05263157894736842	पाएगी	पाएगा	STRONG	पाएगी:11, पाएगा:9
मानस	20	2	0.8	0.8	0.0	मानसा	मानसी	STRONG	मानसा:17, मानसी:3
इकलौ	19	3	0.8333333333333334	0.8333333333333334	0.0	इकलौते	इकलौती	STRONG	इकलौता:11, इकलौते:6, इकलौती:2
एस	19	2	0.6666666666666667	0.6666666666666667	0.0	एसी	एसे	STRONG	एसी:16, एसे:3
प्रेमिक	19	2	0.8	0.8	0.0	प्रेमिका	प्रेमिकाओं	STRONG	प्रेमिका:15, प्रेमिकाओं:4
जरिय	18	2	0.8	0.8	0.0	जरिया	जरिये	STRONG	जरिया:10, जरिये:8
चुनौत	18	2	0.8888888888888888	0.8888888888888888	0.0	चुनौतियों	चुनौतियां	STRONG	चुनौतियों:11, चुनौतियां:7
ता	18	3	0.6666666666666666	0.5	0.0	ताने	ताे	STRONG	ताने:12, ताे:4, ताना:2
7व	18	2	0.75	0.75	0.0	7वीं	7वें	STRONG	7वीं:16, 7वें:2
जाऊंग	17	2	0.8333333333333334	0.8333333333333334	0.0	जाऊंगा	जाऊंगी	STRONG	जाऊंगी:11, जाऊंगा:6
मसल	17	3	0.65	0.6	0.09090909090909091	मसलों	मसला	STRONG	मसलों:7, मसला:6, मसले:4
माथ	17	2	0.75	0.75	0.0	माथा	माथे	STRONG	माथा:10, माथे:7
छा	17	3	0.75	0.75	0.0	छाते	छाती	STRONG	छाता:8, छाती:7, छाते:2
रवैय	16	2	0.8	0.8	0.07142857142857142	रवैया	रवैये	STRONG	रवैया:14, रवैये:2
सुर्ख	16	2	0.8888888888888888	0.8888888888888888	0.0	सुर्खियां	सुर्खियों	STRONG	सुर्खियों:10, सुर्खियां:6
हरकत	16	2	0.8333333333333334	0.8333333333333334	0.07692307692307693	हरकतों	हरकतें	STRONG	हरकतें:12, हरकतों:4
सिंध	16	2	0.8	0.8	0.0	सिंधु	सिंधी	STRONG	सिंधु:13, सिंधी:3
छठ	15	3	0.6666666666666666	0.6666666666666667	0.0	छठे	छठी	STRONG	छठी:11, छठे:2, छठा:2
सराह	15	2	0.8333333333333334	0.8333333333333334	0.08333333333333333	सराहना	सराहा	STRONG	सराहना:12, सराहा:3
धारण	14	3	0.7619047619047619	0.7142857142857143	0.1	धारणाओं	धारणा	STRONG	धारणा:10, धारणाओं:2, धारणाएं:2
सुध	14	2	0.6666666666666667	0.6666666666666667	0.0	सुधा	सुधाकर	STRONG	सुधा:7, सुधाकर:7
कस्ब	14	3	0.7111111111111112	0.6666666666666667	0.0	कस्बे	कस्बों	STRONG	कस्बा:8, कस्बे:4, कस्बों:2
गेंद	14	2	0.8333333333333334	0.8333333333333334	0.0	गेंदों	गेंदें	STRONG	गेंदों:11, गेंदें:3
सौम्य	14	2	0.8571428571428572	0.8571428571428572	0.0	सौम्या	सौम्यता	STRONG	सौम्या:12, सौम्यता:2
गीग	14	2	0.75	0.75	0.0	गीगा	गीगी	STRONG	गीगी:12, गीगा:2
लोक	13	3	0.7166666666666667	0.6	0.0	लोकों	लोको	STRONG	लोकी:7, लोको:4, लोकों:2
पर्द	13	2	0.8	0.8	0.1	पर्दे	पर्दा	STRONG	पर्दे:8, पर्दा:5
लाएग	13	2	0.8	0.8	0.08333333333333333	लाएगी	लाएगा	STRONG	लाएगी:8, लाएगा:5
इराद	13	2	0.8	0.8	0.0	इरादे	इरादा	STRONG	इरादे:8, इरादा:5
बाज	13	3	0.75	0.75	0.0	बाजू	बाजे	STRONG	बाजी:8, बाजे:3, बाजू:2
प्रतिम	13	2	0.7777777777777778	0.7777777777777778	0.0	प्रतिमा	प्रतिमाएं	STRONG	प्रतिमा:11, प्रतिमाएं:2
चांद	13	2	0.8333333333333334	0.8333333333333334	0.0	चांदी	चांदनी	STRONG	चांदी:11, चांदनी:2
काफिल	12	2	0.8333333333333334	0.8333333333333334	0.0	काफिला	काफिले	STRONG	काफिला:7, काफिले:5
सातव	12	3	0.8333333333333334	0.8333333333333334	0.0	सातवें	सातवां	STRONG	सातवीं:5, सातवां:4, सातवें:3
लहज	12	2	0.75	0.75	0.0	लहजा	लहजे	STRONG	लहजा:6, लहजे:6
नजरिय	12	2	0.8333333333333334	0.8333333333333334	0.0	नजरिया	नजरिये	STRONG	नजरिया:8, नजरिये:4
माझ	12	2	0.75	0.75	0.0	माझा	माझी	STRONG	माझा:7, माझी:5
झाल	12	2	0.6666666666666667	0.6666666666666667	0.0	झालाना	झाला	STRONG	झालाना:9, झाला:3
सट	12	2	0.6666666666666667	0.6666666666666667	0.0	सटा	सटे	STRONG	सटे:8, सटा:4
खरीदार	12	2	0.75	0.75	0.0	खरीदारी	खरीदारों	STRONG	खरीदारी:10, खरीदारों:2
होम	12	2	0.75	0.75	0.0	होमी	होमो	STRONG	होमी:10, होमो:2
पो	11	2	0.75	0.75	0.0	पोती	पोते	STRONG	पोती:6, पोते:5
नाश्	11	2	0.8333333333333334	0.8333333333333334	0.0	नाश्ता	नाश्ते	STRONG	नाश्ता:9, नाश्ते:2
राजने	11	2	0.7777777777777778	0.7777777777777778	0.0	राजनेता	राजनेताओं	STRONG	राजनेताओं:8, राजनेता:3
ठिक	11	2	0.8333333333333334	0.8333333333333334	0.0	ठिकाना	ठिकाने	STRONG	ठिकाना:6, ठिकाने:5
मनचाह	11	3	0.8333333333333334	0.8333333333333334	0.0	मनचाहे	मनचाही	STRONG	मनचाही:5, मनचाहा:4, मनचाहे:2
पहच	10	2	0.8333333333333334	0.8333333333333334	0.0	पहचाने	पहचाना	STRONG	पहचाने:5, पहचाना:5
उम्मीद	10	2	0.875	0.875	0.0	उम्मीदों	उम्मीदें	STRONG	उम्मीदों:7, उम्मीदें:3
गांववाल	10	2	0.7777777777777778	0.7777777777777778	0.0	गांववालों	गांववाले	STRONG	गांववालों:8, गांववाले:2
फॉर्मूल	10	2	0.875	0.875	0.0	फॉर्मूला	फॉर्मूले	STRONG	फॉर्मूला:7, फॉर्मूले:3
रात	10	2	0.8	0.8	0.0	रातों	रातें	STRONG	रातों:7, रातें:3
चश्म	9	2	0.8	0.8	0.0	चश्मा	चश्मे	STRONG	चश्मा:6, चश्मे:3
अफवाह	9	2	0.8571428571428572	0.8571428571428572	0.0	अफवाहें	अफवाहों	STRONG	अफवाहों:7, अफवाहें:2
एजेंड	9	2	0.8333333333333334	0.8333333333333334	0.0	एजेंडे	एजेंडा	STRONG	एजेंडा:7, एजेंडे:2
सुथर	9	3	0.8000000000000002	0.8	0.0	सुथरे	सुथरी	STRONG	सुथरी:4, सुथरा:3, सुथरे:2
तोहफ	9	2	0.8	0.8	0.0	तोहफा	तोहफे	STRONG	तोहफा:5, तोहफे:4
डीज	9	2	0.75	0.75	0.0	डीजी	डीजे	STRONG	डीजे:6, डीजी:3
कीड़	8	2	0.8	0.8	0.0	कीड़ा	कीड़े	STRONG	कीड़े:6, कीड़ा:2
76व	8	2	0.8	0.8	0.0	76वां	76वें	STRONG	76वां:5, 76वें:3
धर्म	8	2	0.6666666666666667	0.6666666666666667	0.0	धर्मों	धर्मा	STRONG	धर्मों:6, धर्मा:2
सव	8	2	0.75	0.75	0.0	सवाई	सवा	STRONG	सवा:6, सवाई:2
याद	8	2	0.8	0.8	0.0	यादें	यादों	STRONG	यादें:6, यादों:2
अनदेख	8	2	0.8333333333333334	0.8333333333333334	0.0	अनदेखा	अनदेखी	STRONG	अनदेखा:5, अनदेखी:3
गार	8	2	0.75	0.75	0.0	गारा	गारो	STRONG	गारो:6, गारा:2
पाऊंग	8	2	0.8333333333333334	0.8333333333333334	0.0	पाऊंगा	पाऊंगी	STRONG	पाऊंगी:5, पाऊंगा:3
लूंग	8	2	0.8	0.8	0.0	लूंगी	लूंगा	STRONG	लूंगा:5, लूंगी:3
शोधकर्	7	2	0.8	0.8	0.0	शोधकर्ता	शोधकर्ताओं	STRONG	शोधकर्ता:4, शोधकर्ताओं:3
सांझ	7	2	0.8	0.8	0.0	सांझा	सांझी	STRONG	सांझा:5, सांझी:2
चरख	7	2	0.75	0.75	0.0	चरखी	चरखा	STRONG	चरखी:5, चरखा:2
रोय	7	2	0.75	0.75	0.0	रोया	रोये	STRONG	रोया:5, रोये:2
चंद	7	2	0.75	0.75	0.0	चंदा	चंदू	STRONG	चंदू:4, चंदा:3
तकलीफ	7	2	0.8571428571428572	0.8571428571428572	0.0	तकलीफें	तकलीफों	STRONG	तकलीफें:4, तकलीफों:3
ठेक	7	2	0.75	0.75	0.0	ठेका	ठेके	STRONG	ठेका:4, ठेके:3
उफन	7	2	0.8	0.8	0.0	उफनती	उफनते	STRONG	उफनते:4, उफनती:3
17व	7	2	0.8	0.8	0.0	17वें	17वीं	STRONG	17वीं:5, 17वें:2
मंगव	7	2	0.8333333333333334	0.8333333333333334	0.0	मंगवाए	मंगवाई	STRONG	मंगवाई:5, मंगवाए:2
खूब	7	2	0.8571428571428572	0.8571428571428572	0.0	खूबियों	खूबियां	STRONG	खूबियां:4, खूबियों:3
पात्र	7	2	0.8571428571428572	0.8571428571428572	0.0	पात्रता	पात्रा	STRONG	पात्रा:4, पात्रता:3
बस्	6	2	0.8	0.8	0.0	बस्ती	बस्ते	STRONG	बस्ती:4, बस्ते:2
नंग	6	2	0.75	0.75	0.0	नंगा	नंगे	STRONG	नंगे:4, नंगा:2
हथौड़	6	2	0.8333333333333334	0.8333333333333334	0.0	हथौड़ा	हथौड़े	STRONG	हथौड़ा:3, हथौड़े:3
भांज	6	2	0.8	0.8	0.0	भांजे	भांजी	STRONG	भांजे:4, भांजी:2
बबल	6	2	0.75	0.75	0.0	बबली	बबलू	STRONG	बबली:4, बबलू:2
16व	6	2	0.8	0.8	0.0	16वें	16वीं	STRONG	16वीं:4, 16वें:2
बीच	6	2	0.8	0.8	0.0	बीचों	बीचो	STRONG	बीचों:3, बीचो:3
छिड़	6	3	0.7222222222222223	0.6666666666666667	0.0	छिड़ने	छिड़ा	STRONG	छिड़ता:2, छिड़ने:2, छिड़ा:2
मायक	6	2	0.8	0.8	0.0	मायका	मायके	STRONG	मायके:4, मायका:2
रिक	6	2	0.75	0.75	0.0	रिका	रिकी	STRONG	रिकी:4, रिका:2
20व	6	2	0.8	0.8	0.0	20वें	20वीं	STRONG	20वीं:4, 20वें:2
राह	6	2	0.75	0.75	0.0	राहा	राहु	STRONG	राहा:4, राहु:2
तड़क	5	2	0.8	0.8	0.0	तड़का	तड़के	STRONG	तड़के:3, तड़का:2
गौशाल	5	2	0.75	0.75	0.0	गौशाला	गौशालाएं	STRONG	गौशालाएं:3, गौशाला:2
प्रतिद्वंद्व	5	2	0.75	0.75	0.0	प्रतिद्वंद्वियों	प्रतिद्वंद्वी	STRONG	प्रतिद्वंद्वियों:3, प्रतिद्वंद्वी:2
समेट	5	2	0.8	0.8	0.0	समेटा	समेटी	STRONG	समेटी:3, समेटा:2
जुड़व	5	2	0.8571428571428572	0.8571428571428572	0.0	जुड़वां	जुड़वा	STRONG	जुड़वा:3, जुड़वां:2
अभिनेत्र	5	2	0.6666666666666667	0.6666666666666667	0.0	अभिनेत्रियों	अभिनेत्री	STRONG	अभिनेत्री:3, अभिनेत्रियों:2
18व	5	2	0.8	0.8	0.0	18वें	18वीं	STRONG	18वें:3, 18वीं:2
शाख	5	2	0.6666666666666667	0.6666666666666667	0.0	शाखा	शाखाओं	STRONG	शाखा:3, शाखाओं:2
स्ट	5	2	0.75	0.75	0.0	स्टे	स्टू	STRONG	स्टू:3, स्टे:2
पुत्र	5	2	0.7142857142857143	0.7142857142857143	0.0	पुत्री	पुत्रों	STRONG	पुत्री:3, पुत्रों:2
उजाल	5	2	0.8	0.8	0.0	उजाला	उजाले	STRONG	उजाला:3, उजाले:2
साक	5	2	0.75	0.75	0.0	साके	साकी	STRONG	साकी:3, साके:2
मकोड़	5	2	0.8333333333333334	0.8333333333333334	0.0	मकोड़ा	मकोड़े	STRONG	मकोड़े:3, मकोड़ा:2
यह	1098	4	0.625	0.5	0.16941176470588235	यहां	यही	GOOD	यहां:857, यही:186, यहीं:46, यहाँ:9
कंप	552	2	0.6	0.6	0.0	कंपनी	कंपा	GOOD	कंपनी:549, कंपा:3
आय	449	3	0.5555555555555556	0.5	0.004048582995951417	आया	आयकर	GOOD	आया:401, आयु:33, आयकर:15
पिछल	437	3	0.8000000000000002	0.8	0.10276679841897234	पिछले	पिछली	GOOD	पिछले:370, पिछली:62, पिछला:5
आत	402	4	0.625	0.5	0.1657142857142857	आते	आता	GOOD	आते:165, आता:132, आती:102, आतीं:3
अच्छ	395	5	0.6566666666666667	0.4444444444444444	0.17543859649122806	अच्छी	अच्छा	GOOD	अच्छा:188, अच्छी:125, अच्छे:76, अच्छाई:4, अच्छाइयों:2
होंग	379	2	0.8	0.8	0.13839285714285715	होंगी	होंगे	GOOD	होंगे:309, होंगी:70
शाद	374	3	0.5714285714285715	0.4285714285714286	0.044444444444444446	शादी	शादियां	GOOD	शादी:367, शादियां:5, शादियों:2
इत	368	3	0.75	0.75	0.1834319526627219	इतना	इतनी	GOOD	इतना:172, इतनी:111, इतने:85
सीम	345	3	0.7222222222222223	0.6666666666666667	0.14285714285714285	सीमाओं	सीमाएं	GOOD	सीमा:336, सीमाओं:5, सीमाएं:4
पैस	337	3	0.65	0.6	0.19480519480519481	पैसा	पैसों	GOOD	पैसे:154, पैसा:104, पैसों:79
पत्	301	3	0.7333333333333334	0.6	0.125	पत्ते	पत्ती	GOOD	पत्नी:292, पत्ते:6, पत्ती:3
इलाक	281	3	0.7111111111111112	0.6666666666666667	0.19008264462809918	इलाके	इलाकों	GOOD	इलाके:162, इलाकों:105, इलाका:14
छोट	268	3	0.75	0.75	0.12781954887218044	छोटे	छोटी	GOOD	छोटे:130, छोटी:95, छोटा:43
अधिकार	259	3	0.7166666666666667	0.6	0.19083969465648856	अधिकारी	अधिकारियों	GOOD	अधिकारियों:122, अधिकारी:105, अधिकारों:32
अंज	243	2	0.6	0.6	0.0	अंजना	अंजू	GOOD	अंजू:240, अंजना:3
हिंद	231	2	0.5714285714285714	0.5714285714285714	0.13333333333333333	हिंदू	हिंदुओं	GOOD	हिंदू:203, हिंदुओं:28
सार	228	3	0.75	0.75	0.1509433962264151	सारे	सारी	GOOD	सारे:92, सारी:82, सारा:54
युव	220	3	0.5888888888888889	0.5	0.19047619047619047	युवाओं	युवा	GOOD	युवाओं:105, युवा:97, युवती:18
विपक्ष	203	2	0.6	0.6	0.015873015873015872	विपक्षी	विपक्षियों	GOOD	विपक्षी:198, विपक्षियों:5
परीक्ष	196	3	0.8148148148148149	0.7777777777777778	0.1411764705882353	परीक्षाओं	परीक्षा	GOOD	परीक्षा:141, परीक्षाओं:47, परीक्षाएं:8
खड़	194	3	0.75	0.75	0.11320754716981132	खड़े	खड़ी	GOOD	खड़े:92, खड़ी:57, खड़ा:45
दाव	187	3	0.65	0.6	0.11764705882352941	दावों	दावे	GOOD	दावा:164, दावे:13, दावों:10
एजेंस	185	3	0.6666666666666666	0.5555555555555556	0.14583333333333334	एजेंसी	एजेंसियों	GOOD	एजेंसी:146, एजेंसियों:29, एजेंसियां:10
कित	168	3	0.8000000000000002	0.8	0.11904761904761904	कितना	कितने	GOOD	कितने:57, कितना:56, कितनी:55
बाक	167	3	0.5833333333333334	0.4285714285714286	0.00684931506849315	बाकी	बाकियों	GOOD	बाकी:163, बाकि:2, बाकियों:2
खतर	158	3	0.65	0.6	0.1411764705882353	खतरा	खतरे	GOOD	खतरा:104, खतरे:48, खतरों:6
मुद्द	154	3	0.753968253968254	0.7142857142857143	0.14754098360655737	मुद्दे	मुद्दा	GOOD	मुद्दे:66, मुद्दा:45, मुद्दों:43
थोड़	150	3	0.8000000000000002	0.8	0.16666666666666666	थोड़ा	थोड़ी	GOOD	थोड़ा:68, थोड़ी:68, थोड़े:14
जी	144	6	0.62	0.4	0.16	जीते	जीती	GOOD	जीता:50, जीती:34, जीते:26, जीने:17, जीना:11, जीतीं:6
रास्	143	2	0.8333333333333334	0.8333333333333334	0.12087912087912088	रास्ता	रास्ते	GOOD	रास्ते:102, रास्ता:41
मुकाबल	140	3	0.7857142857142857	0.75	0.18055555555555555	मुकाबले	मुकाबला	GOOD	मुकाबला:68, मुकाबले:66, मुकाबलों:6
पुर	133	3	0.6111111111111112	0.5	0.15789473684210525	पुराने	पुराना	GOOD	पुराने:83, पुराना:40, पुरी:10
कपड़	132	3	0.7111111111111112	0.6666666666666667	0.14516129032258066	कपड़े	कपड़ों	GOOD	कपड़े:101, कपड़ों:23, कपड़ा:8
याचिक	124	3	0.7916666666666666	0.75	0.16666666666666666	याचिकाओं	याचिकाएं	GOOD	याचिका:114, याचिकाओं:8, याचिकाएं:2
आएग	123	2	0.75	0.75	0.11392405063291139	आएगी	आएगा	GOOD	आएगा:63, आएगी:60
सूच	123	4	0.6238095238095238	0.4285714285714286	0.07142857142857142	सूची	सूचनाएं	GOOD	सूचना:96, सूची:23, सूचनाएं:2, सूचनाओं:2
दौर	121	3	0.65	0.6	0.2	दौरे	दौरा	GOOD	दौरे:68, दौरा:50, दौरों:3
गोल	115	5	0.5821428571428571	0.4285714285714286	0.14634146341463414	गोलियां	गोली	GOOD	गोली:77, गोलियां:15, गोलियों:10, गोला:9, गोले:4
आएंग	114	2	0.8	0.8	0.14814814814814814	आएंगे	आएंगी	GOOD	आएंगे:67, आएंगी:47
रिश्	103	2	0.8333333333333334	0.8333333333333334	0.16	रिश्ते	रिश्ता	GOOD	रिश्ते:72, रिश्ता:31
चीज	102	2	0.8	0.8	0.1111111111111111	चीजों	चीजें	GOOD	चीजों:57, चीजें:45
संपत्त	101	3	0.7666666666666666	0.7	0.2	संपत्तियों	संपत्तियां	GOOD	संपत्ति:92, संपत्तियों:6, संपत्तियां:3
सीध	98	3	0.75	0.75	0.12307692307692308	सीधे	सीधा	GOOD	सीधे:52, सीधा:31, सीधी:15
आंख	94	2	0.8	0.8	0.1951219512195122	आंखें	आंखों	GOOD	आंखों:71, आंखें:23
खुश	92	3	0.5714285714285715	0.4285714285714286	0.05172413793103448	खुशी	खुशियां	GOOD	खुशी:83, खुशियां:7, खुशियों:2
चेहर	92	3	0.7111111111111112	0.6666666666666667	0.12244897959183673	चेहरा	चेहरे	GOOD	चेहरे:51, चेहरा:34, चेहरों:7
तस्वीर	85	2	0.875	0.875	0.109375	तस्वीरें	तस्वीरों	GOOD	तस्वीरें:73, तस्वीरों:12
आंकड़	85	3	0.753968253968254	0.7142857142857143	0.1282051282051282	आंकड़ों	आंकड़ा	GOOD	आंकड़े:29, आंकड़ों:28, आंकड़ा:28
निज	83	2	0.6	0.6	0.0	निजी	निजता	GOOD	निजी:80, निजता:3
शहर	76	2	0.6	0.6	0.018867924528301886	शहरों	शहरी	GOOD	शहरों:62, शहरी:14
कमर	76	4	0.6749999999999999	0.6	0.16129032258064516	कमरे	कमरा	GOOD	कमरे:59, कमरा:10, कमरों:5, कमरू:2
सुविध	71	3	0.7916666666666666	0.75	0.19230769230769232	सुविधाओं	सुविधाएं	GOOD	सुविधा:35, सुविधाएं:19, सुविधाओं:17
छात्र	68	4	0.7648809523809524	0.7142857142857143	0.2	छात्राओं	छात्राएं	GOOD	छात्रों:27, छात्रा:24, छात्राओं:15, छात्राएं:2
भल	68	4	0.625	0.5	0.07692307692307693	भला	भली	GOOD	भले:43, भला:18, भली:5, भलाई:2
प्रभार	68	2	0.6	0.6	0.10714285714285714	प्रभारी	प्रभारियों	GOOD	प्रभारी:64, प्रभारियों:4
चौथ	66	4	0.7083333333333334	0.6	0.12	चौथी	चौथा	GOOD	चौथे:30, चौथा:20, चौथी:13, चौथाई:3
कोरिय	66	2	0.8571428571428572	0.8571428571428572	0.15384615384615385	कोरियाई	कोरिया	GOOD	कोरिया:62, कोरियाई:4
सु	63	3	0.75	0.75	0.10526315789473684	सुना	सुने	GOOD	सुना:36, सुने:16, सुनी:11
सांसद	60	2	0.7142857142857143	0.7142857142857143	0.1111111111111111	सांसदों	सांसदी	GOOD	सांसदों:53, सांसदी:7
पड़ोस	57	2	0.5555555555555556	0.5555555555555556	0.1111111111111111	पड़ोसियों	पड़ोसी	GOOD	पड़ोसी:43, पड़ोसियों:14
श्रीलंक	55	2	0.8888888888888888	0.8888888888888888	0.16666666666666666	श्रीलंका	श्रीलंकाई	GOOD	श्रीलंका:50, श्रीलंकाई:5
दरवाज	54	3	0.753968253968254	0.7142857142857143	0.15151515151515152	दरवाजे	दरवाजा	GOOD	दरवाजे:28, दरवाजा:22, दरवाजों:4
जासूस	52	2	0.7142857142857143	0.7142857142857143	0.18181818181818182	जासूसी	जासूसों	GOOD	जासूसी:50, जासूसों:2
ठंड	51	4	0.7083333333333334	0.6	0.16666666666666666	ठंडे	ठंडा	GOOD	ठंडा:22, ठंडी:18, ठंडे:9, ठंडाई:2
आदिवास	50	2	0.6	0.6	0.125	आदिवासी	आदिवासियों	GOOD	आदिवासी:36, आदिवासियों:14
एक	48	3	0.638888888888889	0.5	0.04	एकता	एका	GOOD	एकता:42, एके:4, एका:2
झटक	47	2	0.75	0.75	0.12	झटके	झटका	GOOD	झटके:25, झटका:22
मुकदम	45	4	0.7817460317460317	0.7142857142857143	0.17647058823529413	मुकदमा	मुकदमे	GOOD	मुकदमा:26, मुकदमे:15, मुकदमों:2, मुकदमें:2
अपराध	44	3	0.6825396825396824	0.5555555555555556	0.13043478260869565	अपराधी	अपराधियों	GOOD	अपराधियों:23, अपराधी:13, अपराधों:8
स्त्र	42	3	0.6666666666666666	0.5555555555555556	0.2	स्त्रियां	स्त्रियों	GOOD	स्त्री:34, स्त्रियों:5, स्त्रियां:3
बहन	42	2	0.8	0.8	0.17391304347826086	बहनों	बहनें	GOOD	बहनों:30, बहनें:12
दाद	40	3	0.75	0.75	0.2	दादी	दादू	GOOD	दादा:33, दादी:5, दादू:2
प्रेम	40	2	0.5555555555555556	0.5555555555555556	0.041666666666666664	प्रेमी	प्रेमियों	GOOD	प्रेमी:35, प्रेमियों:5
विद्यार्थ	40	2	0.6923076923076923	0.6923076923076923	0.2	विद्यार्थी	विद्यार्थियों	GOOD	विद्यार्थियों:23, विद्यार्थी:17
सोन	40	2	0.6	0.6	0.16666666666666666	सोनू	सोनकर	GOOD	सोनू:35, सोनकर:5
दुकान	39	2	0.8571428571428572	0.8571428571428572	0.125	दुकानों	दुकानें	GOOD	दुकानों:26, दुकानें:13
सब्ज	38	3	0.625	0.5	0.2	सब्जियों	सब्जियां	GOOD	सब्जी:26, सब्जियों:8, सब्जियां:4
नील	38	3	0.75	0.75	0.125	नीली	नीले	GOOD	नीला:26, नीली:8, नीले:4
संस्थ	36	3	0.7916666666666666	0.75	0.1111111111111111	संस्थाओं	संस्थाएं	GOOD	संस्था:26, संस्थाओं:8, संस्थाएं:2
झूठ	34	3	0.75	0.75	0.2	झूठा	झूठे	GOOD	झूठा:12, झूठे:12, झूठी:10
पदाधिकार	33	2	0.6666666666666667	0.6666666666666667	0.15	पदाधिकारी	पदाधिकारियों	GOOD	पदाधिकारियों:23, पदाधिकारी:10
विरोध	33	2	0.5555555555555556	0.5555555555555556	0.038461538461538464	विरोधी	विरोधियों	GOOD	विरोधी:28, विरोधियों:5
तेर	32	3	0.75	0.75	0.18181818181818182	तेरा	तेरे	GOOD	तेरे:16, तेरी:9, तेरा:7
परेशान	32	2	0.9	0.9	0.15384615384615385	परेशानियों	परेशानियां	GOOD	परेशानियों:16, परेशानियां:16
टिप्पण	32	2	0.6	0.6	0.10526315789473684	टिप्पणी	टिप्पणियां	GOOD	टिप्पणी:29, टिप्पणियां:3
मुआवज	31	2	0.8333333333333334	0.8333333333333334	0.1875	मुआवजा	मुआवजे	GOOD	मुआवजा:26, मुआवजे:5
पुजार	31	2	0.5555555555555556	0.5555555555555556	0.16666666666666666	पुजारियों	पुजारी	GOOD	पुजारी:19, पुजारियों:12
किस्स	30	2	0.8333333333333334	0.8333333333333334	0.16	किस्से	किस्सा	GOOD	किस्सा:18, किस्से:12
बंटवार	30	2	0.8571428571428572	0.8571428571428572	0.12	बंटवारा	बंटवारे	GOOD	बंटवारा:19, बंटवारे:11
दोष	30	3	0.580952380952381	0.4285714285714286	0.0	दोषों	दोषी	GOOD	दोषी:18, दोषियों:9, दोषों:3
गवाह	29	2	0.6666666666666667	0.6666666666666667	0.16666666666666666	गवाहों	गवाही	GOOD	गवाहों:19, गवाही:10
500व	29	2	0.8333333333333334	0.8333333333333334	0.14285714285714285	500वें	500वां	GOOD	500वें:19, 500वां:10
ताल	28	4	0.6130952380952381	0.4285714285714286	0.1111111111111111	ताला	ताले	GOOD	ताला:15, तालियां:6, ताले:5, ताली:2
अंधेर	28	3	0.8333333333333334	0.8333333333333334	0.14285714285714285	अंधेरे	अंधेरी	GOOD	अंधेरे:16, अंधेरा:7, अंधेरी:5
मुन	27	2	0.5714285714285714	0.5714285714285714	0.2	मुनि	मुनियों	GOOD	मुनि:23, मुनियों:4
छाप	26	5	0.665	0.6	0.2	छापने	छापी	GOOD	छापा:12, छापने:5, छापे:5, छापों:2, छापी:2
बैठक	25	2	0.8333333333333334	0.8333333333333334	0.14285714285714285	बैठकें	बैठकों	GOOD	बैठकें:17, बैठकों:8
वर्	25	2	0.6	0.6	0.0	वर्ना	वर्कर	GOOD	वर्कर:15, वर्ना:10
कार	24	2	0.8	0.8	0.16666666666666666	कारें	कारों	GOOD	कारों:13, कारें:11
भक्त	24	2	0.6666666666666667	0.6666666666666667	0.2	भक्ति	भक्तों	GOOD	भक्तों:16, भक्ति:8
प्रतिनिध	23	2	0.75	0.75	0.14285714285714285	प्रतिनिधियों	प्रतिनिधि	GOOD	प्रतिनिधि:13, प्रतिनिधियों:10
पीढ़	23	3	0.625	0.5	0.2	पीढ़ियों	पीढ़ियां	GOOD	पीढ़ी:17, पीढ़ियों:4, पीढ़ियां:2
खिड़क	23	3	0.6666666666666666	0.5555555555555556	0.14285714285714285	खिड़की	खिड़कियों	GOOD	खिड़की:18, खिड़कियों:3, खिड़कियां:2
श्रेण	22	2	0.5555555555555556	0.5555555555555556	0.07142857142857142	श्रेणी	श्रेणियों	GOOD	श्रेणी:20, श्रेणियों:2
किताब	21	2	0.8571428571428572	0.8571428571428572	0.11764705882352941	किताबें	किताबों	GOOD	किताबें:11, किताबों:10
सितार	21	3	0.753968253968254	0.7142857142857143	0.125	सितारे	सितारों	GOOD	सितारे:12, सितारों:7, सितारा:2
गलतफहम	21	2	0.6	0.6	0.058823529411764705	गलतफहमी	गलतफहमियां	GOOD	गलतफहमी:13, गलतफहमियां:8
हलफनाम	21	2	0.8571428571428572	0.8571428571428572	0.125	हलफनामा	हलफनामे	GOOD	हलफनामा:17, हलफनामे:4
कर्म	21	3	0.638888888888889	0.5	0.0	कर्मों	कर्मी	GOOD	कर्मियों:13, कर्मी:6, कर्मों:2
मिय	21	2	0.8	0.8	0.2	मियां	मिया	GOOD	मियां:19, मिया:2
पंजाब	20	2	0.5555555555555556	0.5555555555555556	0.09090909090909091	पंजाबी	पंजाबियों	GOOD	पंजाबी:18, पंजाबियों:2
डिब्ब	20	3	0.753968253968254	0.7142857142857143	0.18181818181818182	डिब्बे	डिब्बा	GOOD	डिब्बे:9, डिब्बा:8, डिब्बों:3
पश	19	2	0.6	0.6	0.18181818181818182	पशु	पशुओं	GOOD	पशुओं:10, पशु:9
आत्म	19	2	0.7142857142857143	0.7142857142857143	0.1111111111111111	आत्मा	आत्माओं	GOOD	आत्मा:16, आत्माओं:3
वंद	19	2	0.6	0.6	0.0	वंदना	वंदे	GOOD	वंदे:17, वंदना:2
घोटाल	19	3	0.753968253968254	0.7142857142857143	0.16666666666666666	घोटालों	घोटाला	GOOD	घोटाले:9, घोटालों:6, घोटाला:4
सग	18	3	0.5555555555555556	0.5	0.0	सगे	सगी	GOOD	सगे:9, सगाई:7, सगी:2
पेश	18	4	0.6749999999999999	0.6	0.16666666666666666	पेशों	पेशा	GOOD	पेशी:6, पेशे:5, पेशा:5, पेशों:2
दीवार	18	2	0.8571428571428572	0.8571428571428572	0.18181818181818182	दीवारें	दीवारों	GOOD	दीवारों:11, दीवारें:7
बल्लेबाज	18	2	0.8	0.8	0.2	बल्लेबाजी	बल्लेबाजों	GOOD	बल्लेबाजी:12, बल्लेबाजों:6
कीम	17	2	0.6	0.6	0.0	कीमती	कीमो	GOOD	कीमो:10, कीमती:7
माम	17	2	0.75	0.75	0.16666666666666666	मामी	मामा	GOOD	मामा:10, मामी:7
जनसभ	17	2	0.7142857142857143	0.7142857142857143	0.1111111111111111	जनसभा	जनसभाओं	GOOD	जनसभा:15, जनसभाओं:2
माफिय	17	2	0.75	0.75	0.16666666666666666	माफिया	माफियाओं	GOOD	माफिया:15, माफियाओं:2
घुट	16	2	0.6	0.6	0.0	घुटती	घुटने	GOOD	घुटने:13, घुटती:3
बोर	15	4	0.5535714285714286	0.4285714285714286	0.16666666666666666	बोरियां	बोरियों	GOOD	बोरियां:7, बोरी:3, बोरियों:3, बोरे:2
मसाल	15	3	0.7111111111111112	0.6666666666666667	0.14285714285714285	मसाले	मसालों	GOOD	मसाले:6, मसालों:6, मसाला:3
इमारत	14	2	0.8571428571428572	0.8571428571428572	0.16666666666666666	इमारतें	इमारतों	GOOD	इमारतों:8, इमारतें:6
सिपाह	14	2	0.5555555555555556	0.5555555555555556	0.09090909090909091	सिपाही	सिपाहियों	GOOD	सिपाही:12, सिपाहियों:2
मालिक	14	2	0.625	0.625	0.0	मालिकाना	मालिकों	GOOD	मालिकाना:11, मालिकों:3
चूल्ह	14	2	0.8333333333333334	0.8333333333333334	0.125	चूल्हा	चूल्हे	GOOD	चूल्हे:9, चूल्हा:5
अंगूठ	14	2	0.8333333333333334	0.8333333333333334	0.16666666666666666	अंगूठे	अंगूठा	GOOD	अंगूठा:8, अंगूठे:6
गुण	14	2	0.6	0.6	0.0	गुणा	गुणों	GOOD	गुणों:10, गुणा:4
ट्र	13	2	0.6	0.6	0.16666666666666666	ट्राई	ट्री	GOOD	ट्राई:7, ट्री:6
प्यार	13	3	0.8333333333333334	0.8333333333333334	0.16666666666666666	प्यारी	प्यारे	GOOD	प्यारी:8, प्यारे:3, प्यारा:2
खट्ट	13	2	0.8	0.8	0.2	खट्टे	खट्टा	GOOD	खट्टा:8, खट्टे:5
डराव	12	3	0.8333333333333334	0.8333333333333334	0.2	डरावना	डरावने	GOOD	डरावनी:5, डरावना:4, डरावने:3
कीज	12	2	0.6	0.6	0.0	कीजिए	कीजो	GOOD	कीजिए:10, कीजो:2
दिखाव	12	2	0.8333333333333334	0.8333333333333334	0.14285714285714285	दिखावा	दिखावे	GOOD	दिखावा:7, दिखावे:5
आदत	12	2	0.8	0.8	0.14285714285714285	आदतें	आदतों	GOOD	आदतों:9, आदतें:3
फसल	11	2	0.8	0.8	0.1111111111111111	फसलें	फसलों	GOOD	फसलों:6, फसलें:5
साझेदार	11	2	0.6363636363636364	0.6363636363636364	0.0	साझेदारी	साझेदारियां	GOOD	साझेदारी:9, साझेदारियां:2
सवार	11	3	0.638888888888889	0.5	0.0	सवारी	सवारों	GOOD	सवारियों:5, सवारी:4, सवारों:2
झांस	11	3	0.8000000000000002	0.8	0.16666666666666666	झांसा	झांसे	GOOD	झांसी:4, झांसा:4, झांसे:3
रिह	11	2	0.8	0.8	0.1111111111111111	रिहाई	रिहा	GOOD	रिहा:6, रिहाई:5
अस्थ	11	3	0.638888888888889	0.625	0.0	अस्थि	अस्थियां	GOOD	अस्थाई:5, अस्थि:3, अस्थियां:3
पाबंद	11	2	0.5555555555555556	0.5555555555555556	0.0	पाबंदी	पाबंदियां	GOOD	पाबंदी:9, पाबंदियां:2
सरस	11	2	0.6	0.6	0.0	सरसों	सरसता	GOOD	सरसों:9, सरसता:2
कुनब	11	2	0.8	0.8	0.16666666666666666	कुनबा	कुनबे	GOOD	कुनबे:8, कुनबा:3
शिकायत	10	2	0.875	0.875	0.125	शिकायतें	शिकायतों	GOOD	शिकायतें:8, शिकायतों:2
तारीख	9	2	0.8571428571428572	0.8571428571428572	0.125	तारीखें	तारीखों	GOOD	तारीखों:5, तारीखें:4
गि	9	2	0.75	0.75	0.125	गिनी	गिने	GOOD	गिने:5, गिनी:4
गाय	9	2	0.6	0.6	0.0	गाया	गायों	GOOD	गाया:6, गायों:3
गेंदबाज	9	2	0.7777777777777778	0.7777777777777778	0.14285714285714285	गेंदबाजी	गेंदबाजों	GOOD	गेंदबाजी:6, गेंदबाजों:3
कॉलोन	8	2	0.8888888888888888	0.8888888888888888	0.2	कॉलोनियां	कॉलोनियों	GOOD	कॉलोनियां:6, कॉलोनियों:2
मोर	8	2	0.6	0.6	0.0	मोरे	मोरनी	GOOD	मोरे:4, मोरनी:4
रुकव	8	2	0.7142857142857143	0.7142857142857143	0.2	रुकवाई	रुकवाया	GOOD	रुकवाई:6, रुकवाया:2
पाट	8	2	0.6	0.6	0.0	पाटनी	पाटों	GOOD	पाटनी:6, पाटों:2
कूड़	7	2	0.8	0.8	0.2	कूड़े	कूड़ा	GOOD	कूड़ा:4, कूड़े:3
प्रभ	7	2	0.5714285714285714	0.5714285714285714	0.0	प्रभु	प्रभाकर	GOOD	प्रभु:4, प्रभाकर:3
खाम	7	3	0.5714285714285715	0.4285714285714286	0.0	खामी	खामियों	GOOD	खामियां:3, खामी:2, खामियों:2
छाल	6	2	0.6	0.6	0.0	छाले	छालों	GOOD	छाले:4, छालों:2
गंद	6	2	0.75	0.75	0.2	गंदे	गंदा	GOOD	गंदे:4, गंदा:2
रूप	6	2	0.6	0.6	0.0	रूपी	रूपों	GOOD	रूपी:3, रूपों:3
लम्ह	6	2	0.6666666666666667	0.6666666666666667	0.2	लम्हों	लम्हे	GOOD	लम्हे:4, लम्हों:2
ओवर	6	2	0.6	0.6	0.0	ओवरों	ओवरी	GOOD	ओवरों:3, ओवरी:3
मशीन	6	2	0.8333333333333334	0.8333333333333334	0.2	मशीनों	मशीनें	GOOD	मशीनों:4, मशीनें:2
इंद्र	6	2	0.5555555555555556	0.5555555555555556	0.0	इंद्री	इंद्रियों	GOOD	इंद्री:3, इंद्रियों:3
तबक	5	2	0.6	0.6	0.0	तबकों	तबके	GOOD	तबके:3, तबकों:2
नाकाम	5	2	0.5555555555555556	0.5555555555555556	0.0	नाकामी	नाकामियों	GOOD	नाकामियों:3, नाकामी:2
पहल	2207	5	0.65	0.5	0.2404692082111437	पहले	पहली	REVIEW	पहले:1649, पहली:375, पहला:163, पहलू:10, पहलुओं:10
इसक	2103	4	0.75	0.75	0.2838038632986627	इसका	इसके	REVIEW	इसके:1363, इसका:378, इसकी:333, इसको:29
पूर	1486	3	0.75	0.75	0.2049335863377609	पूरे	पूरी	REVIEW	पूरी:905, पूरा:299, पूरे:282
दे	1221	8	0.5910714285714286	0.4	0.20380434782608695	देने	देते	REVIEW	देने:475, देते:228, देना:189, देता:152, देती:89, देकर:55, देनी:30, देतीं:3
उसक	1183	4	0.75	0.75	0.2907488986784141	उसकी	उसका	REVIEW	उसके:599, उसकी:324, उसका:227, उसको:33
इस	906	3	0.638888888888889	0.5	0.2217391304347826	इसे	इसी	REVIEW	इसे:477, इसी:408, इसने:21
पा	851	10	0.5196296296296297	0.33333333333333337	0.14285714285714285	पाता	पाती	REVIEW	पानी:582, पाने:79, पाएंगे:64, पाती:38, पाता:30, पाते:29, पाना:14, पातीं:6, पाकर:5, पाएंगी:4
बड़	824	4	0.6749999999999999	0.6	0.2532894736842105	बड़े	बड़ी	REVIEW	बड़ी:311, बड़े:276, बड़ा:234, बड़ों:3
पत	717	4	0.5277777777777778	0.33333333333333337	0.16666666666666666	पतियों	पते	REVIEW	पता:384, पति:326, पतियों:5, पते:2
जाएग	671	2	0.8	0.8	0.22752808988764045	जाएगा	जाएगी	REVIEW	जाएगा:429, जाएगी:242
जिल	613	3	0.65	0.6	0.2471264367816092	जिले	जिलों	REVIEW	जिले:279, जिलों:216, जिला:118
हमार	545	3	0.8000000000000002	0.8	0.2361111111111111	हमारी	हमारे	REVIEW	हमारे:298, हमारी:166, हमारा:81
पार्ट	489	4	0.7037037037037037	0.5555555555555556	0.2682926829268293	पार्टियों	पार्टियां	REVIEW	पार्टी:369, पार्टियों:79, पार्टियां:34, पार्टियाँ:7
आरोप	395	3	0.638888888888889	0.5	0.24271844660194175	आरोपी	आरोपियों	REVIEW	आरोपी:256, आरोपियों:117, आरोपों:22
फैसल	337	3	0.7111111111111112	0.6666666666666667	0.20348837209302326	फैसला	फैसले	REVIEW	फैसला:211, फैसले:112, फैसलों:14
बात	284	2	0.8	0.8	0.2072072072072072	बातों	बातें	REVIEW	बातें:151, बातों:133
मा	269	5	0.5833333333333334	0.33333333333333337	0.08333333333333333	मानी	माने	REVIEW	माना:137, माता:74, माने:32, मानी:22, माताओं:4
हमल	259	3	0.65	0.6	0.28888888888888886	हमला	हमले	REVIEW	हमला:153, हमले:85, हमलों:21
समस्य	241	4	0.7648809523809524	0.7142857142857143	0.2535211267605634	समस्या	समस्याएं	REVIEW	समस्या:167, समस्याओं:36, समस्याएं:36, समस्यों:2
इनक	240	4	0.75	0.75	0.23958333333333334	इनकी	इनका	REVIEW	इनके:91, इनकी:78, इनका:61, इनको:10
नद	155	3	0.5	0.33333333333333337	0.13559322033898305	नदी	नदियां	REVIEW	नदी:131, नदियां:12, नदियों:12
कर्मचार	154	2	0.6363636363636364	0.6363636363636364	0.25757575757575757	कर्मचारी	कर्मचारियों	REVIEW	कर्मचारी:85, कर्मचारियों:69
गल	146	7	0.4920634920634921	0.33333333333333337	0.125	गली	गलियां	REVIEW	गलती:60, गले:51, गला:18, गली:8, गलियों:4, गलने:3, गलियां:2
दल	143	2	0.5	0.5	0.0	दलों	दलाई	REVIEW	दलों:126, दलाई:17
था	128	2	0.75	0.75	0.21818181818181817	थाने	थाना	REVIEW	थाने:73, थाना:55
ला	125	7	0.5396825396825398	0.33333333333333337	0.0625	लाकर	लाएंगे	REVIEW	लाने:69, लाना:19, लाकर:13, लाते:9, लाता:6, लाएंगे:5, लाती:4
जन	116	2	0.5	0.5	0.0	जनता	जनों	REVIEW	जनता:105, जनों:11
परिस्थित	81	3	0.8055555555555555	0.75	0.25	परिस्थितियों	परिस्थितियां	REVIEW	परिस्थिति:38, परिस्थितियों:27, परिस्थितियां:16
हंगाम	79	2	0.8333333333333334	0.8333333333333334	0.2647058823529412	हंगामा	हंगामे	REVIEW	हंगामा:64, हंगामे:15
टीम	79	2	0.8	0.8	0.21951219512195122	टीमें	टीमों	REVIEW	टीमें:48, टीमों:31
घाट	76	3	0.75	0.75	0.3	घाटा	घाटे	REVIEW	घाटी:58, घाटा:10, घाटे:8
सड़क	68	2	0.8333333333333334	0.8333333333333334	0.29411764705882354	सड़कों	सड़कें	REVIEW	सड़कों:44, सड़कें:24
तुम्हार	68	3	0.875	0.875	0.25	तुम्हारी	तुम्हारे	REVIEW	तुम्हारे:36, तुम्हारी:18, तुम्हारा:14
जुर्म	64	2	0.875	0.875	0.2413793103448276	जुर्माना	जुर्माने	REVIEW	जुर्माना:49, जुर्माने:15
पसी	46	2	0.8	0.8	0.2857142857142857	पसीने	पसीना	REVIEW	पसीना:28, पसीने:18
कीमत	45	2	0.8333333333333334	0.8333333333333334	0.23076923076923078	कीमतें	कीमतों	REVIEW	कीमतों:30, कीमतें:15
पीड़ि	41	3	0.8148148148148149	0.7777777777777778	0.25	पीड़िताओं	पीड़िताएं	REVIEW	पीड़िता:32, पीड़िताओं:7, पीड़िताएं:2
आतंकवाद	40	2	0.6363636363636364	0.6363636363636364	0.21052631578947367	आतंकवादी	आतंकवादियों	REVIEW	आतंकवादियों:21, आतंकवादी:19
पुलिसकर्म	39	2	0.6923076923076923	0.6923076923076923	0.21052631578947367	पुलिसकर्मी	पुलिसकर्मियों	REVIEW	पुलिसकर्मी:30, पुलिसकर्मियों:9
पांचव	33	5	0.7976190476190477	0.7142857142857143	0.2222222222222222	पांचवी	पांचवां	REVIEW	पांचवां:11, पांचवें:10, पांचवीं:7, पांचवी:3, पांचवा:2
इसर	32	2	0.5	0.5	0.0	इसरो	इसराना	REVIEW	इसरो:30, इसराना:2
गलत	31	2	0.8571428571428572	0.8571428571428572	0.2777777777777778	गलतियां	गलतियों	REVIEW	गलतियों:20, गलतियां:11
कथ	31	4	0.5499999999999999	0.4	0.0	कथाएं	कथाओं	REVIEW	कथा:22, कथनी:5, कथाएं:2, कथाओं:2
तिरंग	31	2	0.8333333333333334	0.8333333333333334	0.3	तिरंगा	तिरंगे	REVIEW	तिरंगा:25, तिरंगे:6
कंध	30	3	0.65	0.6	0.21428571428571427	कंधे	कंधा	REVIEW	कंधे:18, कंधों:9, कंधा:3
करीब	28	2	0.5	0.5	0.05263157894736842	करीबियों	करीबी	REVIEW	करीबी:26, करीबियों:2
मौत	28	2	0.8	0.8	0.23076923076923078	मौतें	मौतों	REVIEW	मौतें:19, मौतों:9
गुरुद्वार	27	2	0.9	0.9	0.2222222222222222	गुरुद्वारे	गुरुद्वारा	REVIEW	गुरुद्वारा:17, गुरुद्वारे:10
टुकड़	24	5	0.7087301587301588	0.5555555555555556	0.25	टुकड़ियां	टुकड़ी	REVIEW	टुकड़े:11, टुकड़ों:6, टुकड़ी:3, टुकड़ा:2, टुकड़ियां:2
प्रत्याश	23	2	0.6666666666666667	0.6666666666666667	0.25	प्रत्याशियों	प्रत्याशी	REVIEW	प्रत्याशी:19, प्रत्याशियों:4
मलब	22	2	0.75	0.75	0.23076923076923078	मलबे	मलबा	REVIEW	मलबे:12, मलबा:10
सहेल	22	2	0.5	0.5	0.1111111111111111	सहेली	सहेलियां	REVIEW	सहेली:16, सहेलियां:6
कस	22	4	0.5416666666666666	0.5	0.16666666666666666	कसने	कसते	REVIEW	कसा:10, कसकर:5, कसते:4, कसने:3
डेर	21	2	0.75	0.75	0.2222222222222222	डेरा	डेरे	REVIEW	डेरा:16, डेरे:5
छव	21	2	0.5	0.5	0.0	छवि	छवियों	REVIEW	छवि:19, छवियों:2
याचिकाकर्	20	2	0.8461538461538461	0.8461538461538461	0.2222222222222222	याचिकाकर्ता	याचिकाकर्ताओं	REVIEW	याचिकाकर्ता:13, याचिकाकर्ताओं:7
श्रद्धाल	20	2	0.8181818181818181	0.8181818181818181	0.25	श्रद्धालुओं	श्रद्धालु	REVIEW	श्रद्धालुओं:17, श्रद्धालु:3
ऋष	16	2	0.5	0.5	0.125	ऋषि	ऋषियों	REVIEW	ऋषि:11, ऋषियों:5
कर्ज	15	2	0.8	0.8	0.25	कर्जा	कर्जे	REVIEW	कर्जा:10, कर्जे:5
पत्न	13	2	0.875	0.875	0.25	पत्नियां	पत्नियों	REVIEW	पत्नियों:11, पत्नियां:2
लुटेर	13	2	0.7142857142857143	0.7142857142857143	0.25	लुटेरे	लुटेरों	REVIEW	लुटेरों:7, लुटेरे:6
युवत	13	2	0.875	0.875	0.25	युवतियों	युवतियां	REVIEW	युवतियों:8, युवतियां:5
ट्रेन	12	2	0.8571428571428572	0.8571428571428572	0.2857142857142857	ट्रेनें	ट्रेनों	REVIEW	ट्रेनों:7, ट्रेनें:5
आर	12	2	0.5	0.5	0.0	आरती	आरा	REVIEW	आरती:8, आरा:4
प्रजात	12	2	0.7	0.7	0.25	प्रजाति	प्रजातियां	REVIEW	प्रजाति:10, प्रजातियां:2
बंगल	11	2	0.8	0.8	0.25	बंगला	बंगले	REVIEW	बंगले:6, बंगला:5
14व	10	3	0.8000000000000002	0.8	0.25	14वें	14वां	REVIEW	14वें:5, 14वीं:3, 14वां:2
पतल	10	3	0.75	0.75	0.25	पतली	पतले	REVIEW	पतला:4, पतली:4, पतले:2
मवेश	8	2	0.5	0.5	0.2	मवेशी	मवेशियों	REVIEW	मवेशी:4, मवेशियों:4
भ्रष्टाचार	8	2	0.7142857142857143	0.7142857142857143	0.25	भ्रष्टाचारी	भ्रष्टाचारियों	REVIEW	भ्रष्टाचारी:6, भ्रष्टाचारियों:2
घुसपैठ	7	2	0.7	0.7	0.25	घुसपैठियों	घुसपैठिए	REVIEW	घुसपैठियों:5, घुसपैठिए:2
बंद	6	3	0.5357142857142857	0.4285714285714286	0.0	बंदियों	बंदी	REVIEW	बंदा:2, बंदियों:2, बंदी:2
मदरस	6	2	0.8	0.8	0.25	मदरसा	मदरसे	REVIEW	मदरसे:4, मदरसा:2
रत्नागिर	6	2	0.8888888888888888	0.8888888888888888	0.25	रत्नागिरी	रत्नागिरि	REVIEW	रत्नागिरी:4, रत्नागिरि:2
जनप्रतिनिध	6	2	0.7857142857142857	0.7857142857142857	0.25	जनप्रतिनिधि	जनप्रतिनिधियों	REVIEW	जनप्रतिनिधि:4, जनप्रतिनिधियों:2
खेम	6	2	0.6	0.6	0.25	खेमों	खेमे	REVIEW	खेमे:4, खेमों:2
धड़कन	5	2	0.8571428571428572	0.8571428571428572	0.25	धड़कनें	धड़कनों	REVIEW	धड़कनें:3, धड़कनों:2
गुनगु	5	2	0.8571428571428572	0.8571428571428572	0.25	गुनगुना	गुनगुने	REVIEW	गुनगुना:3, गुनगुने:2
फीक	5	2	0.75	0.75	0.25	फीके	फीका	REVIEW	फीके:3, फीका:2
हो	3373	8	0.5910714285714286	0.4	0.3756345177664975	होती	होता	REJECT	होने:1409, होता:654, होती:551, होते:326, होना:209, होकर:137, होनी:83, होतीं:4
गय	2771	3	0.6666666666666666	0.6666666666666667	0.5	गये	गयी	REJECT	गया:2761, गये:7, गयी:3
अप	2721	4	0.6527777777777778	0.5	0.4373983739837398	अपने	अपनी	REJECT	अपने:1394, अपनी:935, अपना:387, अपनाएं:5
जा	2446	11	0.5203030303030303	0.33333333333333337	0.3597560975609756	जाता	जाते	REJECT	जाता:733, जाने:429, जाती:387, जाते:290, जाना:213, जाकर:163, जाएंगे:151, जाएंगी:51, जानी:19, जातीं:6
उनक	1550	4	0.75	0.75	0.3826086956521739	उनकी	उनके	REJECT	उनके:708, उनकी:478, उनका:308, उनको:56
होग	1355	3	0.75	0.75	0.3165618448637317	होगी	होगा	REJECT	होगा:803, होगी:550, होगे:2
क्य	1236	2	0.6	0.6	0.32722513089005234	क्यों	क्या	REJECT	क्या:909, क्यों:327
उस	1229	3	0.638888888888889	0.5	0.3279742765273312	उसे	उसने	REJECT	उसे:726, उसने:356, उसी:147
महिल	1106	3	0.7619047619047619	0.7142857142857143	0.34782608695652173	महिलाओं	महिला	REJECT	महिला:560, महिलाओं:413, महिलाएं:133
मेर	1012	3	0.75	0.75	0.41304347826086957	मेरा	मेरी	REJECT	मेरे:502, मेरी:311, मेरा:199
आपक	959	4	0.75	0.75	0.32666666666666666	आपके	आपका	REJECT	आपके:362, आपको:315, आपकी:146, आपका:136
सभ	615	4	0.5777777777777778	0.4	0.3333333333333333	सभाओं	सभाएं	REJECT	सभी:550, सभा:50, सभाएं:8, सभाओं:7
लड़क	474	6	0.6516666666666667	0.5	0.3829787234042553	लड़कियों	लड़कियां	REJECT	लड़की:194, लड़कियों:96, लड़के:69, लड़का:44, लड़कियां:41, लड़कों:30
बेट	470	6	0.5938095238095238	0.4285714285714286	0.32142857142857145	बेटियां	बेटियों	REJECT	बेटी:176, बेटे:159, बेटा:62, बेटियों:41, बेटियां:24, बेटों:8
ने	436	2	0.6666666666666667	0.6666666666666667	0.3401360544217687	नेता	नेताओं	REJECT	नेता:279, नेताओं:157
अमेरिक	392	3	0.6857142857142856	0.6	0.36363636363636365	अमेरिका	अमेरिकी	REJECT	अमेरिका:291, अमेरिकी:98, अमेरिकियों:3
कुक	263	2	0.4285714285714286	0.4285714285714286	0.06666666666666667	कुकी	कुकियों	REJECT	कुकी:261, कुकियों:2
यात्र	256	5	0.6902777777777778	0.5555555555555556	0.5	यात्राएं	यात्राओं	REJECT	यात्रा:162, यात्री:39, यात्रियों:27, यात्राएं:17, यात्राओं:11
राश	239	3	0.5833333333333334	0.4285714285714286	0.46808510638297873	राशि	राशियों	REJECT	राशि:199, राशियों:32, राशा:8
हादस	173	3	0.7111111111111112	0.6666666666666667	0.45652173913043476	हादसा	हादसे	REJECT	हादसे:110, हादसा:56, हादसों:7
सीट	166	3	0.6666666666666666	0.6	0.4411764705882353	सीटें	सीटों	REJECT	सीटों:88, सीटें:74, सीटी:4
योज	163	3	0.7619047619047619	0.7142857142857143	0.3103448275862069	योजनाओं	योजना	REJECT	योजना:95, योजनाओं:47, योजनाएं:21
आतंक	155	2	0.5	0.5	0.4444444444444444	आतंकी	आतंकियों	REJECT	आतंकी:104, आतंकियों:51
जनजात	135	3	0.7407407407407408	0.6666666666666667	0.4	जनजातियों	जनजातियां	REJECT	जनजाति:123, जनजातियों:8, जनजातियां:4
कंपन	123	2	0.875	0.875	0.36	कंपनियों	कंपनियां	REJECT	कंपनियों:80, कंपनियां:43
कार्यकर्	119	2	0.8333333333333334	0.8333333333333334	0.30952380952380953	कार्यकर्ता	कार्यकर्ताओं	REJECT	कार्यकर्ता:66, कार्यकर्ताओं:53
डायर	116	2	0.5	0.5	0.3076923076923077	डायरी	डायरियां	REJECT	डायरी:110, डायरियां:6
खिलाड़	111	2	0.6	0.6	0.4	खिलाड़ी	खिलाड़ियों	REJECT	खिलाड़ियों:64, खिलाड़ी:47
आदम	107	2	0.4285714285714286	0.4285714285714286	0.01639344262295082	आदमियों	आदमी	REJECT	आदमी:105, आदमियों:2
गतिविध	103	3	0.7666666666666666	0.7	0.3076923076923077	गतिविधियों	गतिविधियां	REJECT	गतिविधियों:73, गतिविधि:15, गतिविधियां:15
घर	102	2	0.4	0.4	0.0	घरों	घराने	REJECT	घरों:100, घराने:2
चुनाव	98	2	0.7142857142857143	0.7142857142857143	0.3404255319148936	चुनावी	चुनावों	REJECT	चुनावों:53, चुनावी:45
रो	74	5	0.65	0.5	0.3181818181818182	रोते	रोने	REJECT	रोने:26, रोते:16, रोती:16, रोना:14, रोता:2
पौध	69	3	0.65	0.6	0.38461538461538464	पौधों	पौधे	REJECT	पौधों:24, पौधे:23, पौधा:22
ची	68	3	0.5833333333333334	0.5	0.5	चीता	चीते	REJECT	चीनी:63, चीता:3, चीते:2
रव	68	2	0.4	0.4	0.03333333333333333	रवि	रवाना	REJECT	रवि:38, रवाना:30
चिट्ठ	63	3	0.6666666666666666	0.5555555555555556	1.0	चिट्ठियां	चिट्ठियों	REJECT	चिट्ठी:59, चिट्ठियां:2, चिट्ठियों:2
साथ	61	2	0.4285714285714286	0.4285714285714286	0.11904761904761904	साथी	साथियों	REJECT	साथी:38, साथियों:23
मूर्त	59	3	0.7407407407407408	0.6666666666666667	0.5	मूर्तियां	मूर्तियों	REJECT	मूर्ति:39, मूर्तियों:12, मूर्तियां:8
कुत्	55	2	0.8333333333333334	0.8333333333333334	0.3333333333333333	कुत्ते	कुत्ता	REJECT	कुत्ते:44, कुत्ता:11
मेल	55	3	0.65	0.6	0.3333333333333333	मेले	मेलों	REJECT	मेला:27, मेले:15, मेलों:13
औरत	54	2	0.8	0.8	0.3333333333333333	औरतों	औरतें	REJECT	औरतों:36, औरतें:18
अभ्यर्थ	48	2	0.6363636363636364	0.6363636363636364	0.7777777777777778	अभ्यर्थी	अभ्यर्थियों	REJECT	अभ्यर्थी:25, अभ्यर्थियों:23
साड़	42	3	0.625	0.5	0.3333333333333333	साड़ियों	साड़ियां	REJECT	साड़ी:34, साड़ियां:6, साड़ियों:2
देस	42	3	0.7166666666666667	0.6	0.3333333333333333	देसाई	देसा	REJECT	देसी:31, देसाई:8, देसा:3
सद	38	2	0.33333333333333337	0.33333333333333337	0.2	सदियों	सदी	REJECT	सदी:22, सदियों:16
झंड	38	3	0.75	0.75	0.4	झंडा	झंडे	REJECT	झंडा:19, झंडे:14, झंडी:5
रैल	36	2	0.4285714285714286	0.4285714285714286	0.0	रैली	रैलियों	REJECT	रैली:34, रैलियों:2
धमाक	34	3	0.7111111111111112	0.6666666666666667	0.625	धमाका	धमाके	REJECT	धमाके:16, धमाका:15, धमाकों:3
नियुक्त	34	3	0.787878787878788	0.7272727272727273	0.3333333333333333	नियुक्तियां	नियुक्तियों	REJECT	नियुक्ति:17, नियुक्तियां:9, नियुक्तियों:8
खर्च	34	3	0.7111111111111112	0.6666666666666667	0.4	खर्चे	खर्चों	REJECT	खर्चों:14, खर्चा:11, खर्चे:9
प्रदर्शनकार	25	2	0.7333333333333334	0.7333333333333334	0.3333333333333333	प्रदर्शनकारियों	प्रदर्शनकारी	REJECT	प्रदर्शनकारियों:14, प्रदर्शनकारी:11
पटवार	25	2	0.5555555555555556	0.5555555555555556	0.3333333333333333	पटवारी	पटवारियों	REJECT	पटवारी:22, पटवारियों:3
मोटाप	24	2	0.8333333333333334	0.8333333333333334	0.4	मोटापे	मोटापा	REJECT	मोटापे:14, मोटापा:10
ऋत	24	3	0.6666666666666666	0.6	0.3333333333333333	ऋतु	ऋतुएं	REJECT	ऋतु:18, ऋतुओं:4, ऋतुएं:2
वजह	23	2	0.8	0.8	0.3333333333333333	वजहें	वजहों	REJECT	वजहों:14, वजहें:9
लड़ाक	22	3	0.753968253968254	0.7142857142857143	0.4	लड़ाके	लड़ाकों	REJECT	लड़ाके:11, लड़ाकू:6, लड़ाकों:5
पत्त	21	3	0.75	0.625	0.5	पत्तियों	पत्तियां	REJECT	पत्तियों:12, पत्तियां:5, पत्तों:4
शर्त	20	2	0.8333333333333334	0.8333333333333334	0.4	शर्तें	शर्तों	REJECT	शर्तों:12, शर्तें:8
दुर्घट	20	3	0.8333333333333334	0.8	1.0	दुर्घटनाएं	दुर्घटनाओं	REJECT	दुर्घटना:14, दुर्घटनाएं:3, दुर्घटनाओं:3
झड़	20	4	0.6666666666666666	0.6	1.0	झड़ने	झड़ते	REJECT	झड़ने:10, झड़ना:4, झड़ते:4, झड़ी:2
लम्ब	18	3	0.8000000000000002	0.8	0.3333333333333333	लम्बी	लम्बा	REJECT	लम्बे:9, लम्बी:6, लम्बा:3
100व	17	3	0.8333333333333334	0.8333333333333334	0.5	100वें	100वां	REJECT	100वां:8, 100वें:7, 100वीं:2
सुरक्षाकर्म	17	2	0.7333333333333334	0.7333333333333334	0.375	सुरक्षाकर्मियों	सुरक्षाकर्मी	REJECT	सुरक्षाकर्मी:9, सुरक्षाकर्मियों:8
हड्ड	17	3	0.625	0.5	0.5	हड्डियों	हड्डियां	REJECT	हड्डियों:8, हड्डी:6, हड्डियां:3
मिसाइल	17	2	0.875	0.875	0.4	मिसाइलों	मिसाइलें	REJECT	मिसाइलों:14, मिसाइलें:3
प्रवास	17	2	0.6	0.6	0.4	प्रवासी	प्रवासियों	REJECT	प्रवासी:11, प्रवासियों:6
जमीन	16	2	0.8333333333333334	0.8333333333333334	0.3333333333333333	जमीनों	जमीनें	REJECT	जमीनों:8, जमीनें:8
लोह	16	2	0.4285714285714286	0.4285714285714286	0.0	लोहे	लोहियां	REJECT	लोहे:14, लोहियां:2
कैद	16	2	0.4285714285714286	0.4285714285714286	0.2857142857142857	कैदियों	कैदी	REJECT	कैदी:9, कैदियों:7
सीरिय	14	2	0.8571428571428572	0.8571428571428572	0.6666666666666666	सीरिया	सीरियाई	REJECT	सीरिया:12, सीरियाई:2
जायक	13	2	0.8	0.8	0.6	जायका	जायके	REJECT	जायका:9, जायके:4
फौज	12	2	0.4285714285714286	0.4285714285714286	0.0	फौजी	फौजियों	REJECT	फौजी:7, फौजियों:5
दोगु	12	3	0.8333333333333334	0.8333333333333334	0.3333333333333333	दोगुनी	दोगुने	REJECT	दोगुना:6, दोगुनी:4, दोगुने:2
जड़	11	4	0.6916666666666668	0.6	0.5	जड़ों	जड़ें	REJECT	जड़ों:3, जड़ा:3, जड़े:3, जड़ें:2
खंभ	11	2	0.6	0.6	0.4	खंभे	खंभों	REJECT	खंभे:9, खंभों:2
समोस	10	2	0.8	0.8	0.3333333333333333	समोसा	समोसे	REJECT	समोसे:6, समोसा:4
प्रतियोगि	10	2	0.8461538461538461	0.8461538461538461	0.3333333333333333	प्रतियोगिता	प्रतियोगिताओं	REJECT	प्रतियोगिता:8, प्रतियोगिताओं:2
बेल	10	3	0.65	0.6	1.0	बेली	बेलते	REJECT	बेला:4, बेली:3, बेलते:3
बीव	9	2	0.4285714285714286	0.4285714285714286	0.0	बीवियों	बीवी	REJECT	बीवी:7, बीवियों:2
झर	9	2	0.75	0.75	0.3333333333333333	झरने	झरना	REJECT	झरने:6, झरना:3
दावेदार	9	2	0.7777777777777778	0.7777777777777778	0.3333333333333333	दावेदारी	दावेदारों	REJECT	दावेदारी:7, दावेदारों:2
यहूद	9	2	0.5	0.5	0.3333333333333333	यहूदियों	यहूदी	REJECT	यहूदियों:7, यहूदी:2
संतर	9	3	0.8000000000000002	0.8	0.3333333333333333	संतरा	संतरे	REJECT	संतरा:4, संतरे:3, संतरी:2
फंद	9	2	0.75	0.75	0.3333333333333333	फंदा	फंदे	REJECT	फंदे:7, फंदा:2
गमल	8	2	0.6	0.6	0.5	गमले	गमलों	REJECT	गमले:4, गमलों:4
तीर्थयात्र	8	3	0.7792207792207791	0.7142857142857143	1.0	तीर्थयात्रियों	तीर्थयात्रा	REJECT	तीर्थयात्रियों:3, तीर्थयात्रा:3, तीर्थयात्री:2
चख	8	3	0.5833333333333334	0.5	0.6666666666666666	चखा	चखने	REJECT	चखा:4, चखने:2, चखते:2
कांवड़	8	2	0.7	0.7	0.5	कांवड़ियों	कांवड़िए	REJECT	कांवड़ियों:6, कांवड़िए:2
गांज	8	2	0.8	0.8	0.3333333333333333	गांजा	गांजे	REJECT	गांजा:6, गांजे:2
कोयल	7	2	0.8	0.8	1.0	कोयला	कोयले	REJECT	कोयला:4, कोयले:3
शोइग	7	2	0.8	0.8	0.5	शोइगु	शोइगू	REJECT	शोइगू:5, शोइगु:2
पुदी	7	2	0.8333333333333334	0.8333333333333334	0.3333333333333333	पुदीना	पुदीने	REJECT	पुदीना:5, पुदीने:2
सुनहर	7	3	0.8333333333333334	0.8333333333333334	1.0	सुनहरा	सुनहरे	REJECT	सुनहरे:3, सुनहरा:2, सुनहरी:2
आट	6	2	0.6666666666666667	0.6666666666666667	0.3333333333333333	आटा	आटे	REJECT	आटा:4, आटे:2
केल	6	2	0.75	0.75	0.3333333333333333	केले	केला	REJECT	केले:3, केला:3
कट्टरपंथ	6	2	0.6666666666666667	0.6666666666666667	0.5	कट्टरपंथी	कट्टरपंथियों	REJECT	कट्टरपंथी:4, कट्टरपंथियों:2
रट	6	3	0.5	0.5	1.0	रटी	रटाई	REJECT	रटते:2, रटी:2, रटाई:2
गंज	6	2	0.75	0.75	0.3333333333333333	गंजे	गंजा	REJECT	गंजे:4, गंजा:2
सलीक	5	2	0.8	0.8	1.0	सलीका	सलीके	REJECT	सलीके:3, सलीका:2
फव्वार	5	2	0.8571428571428572	0.8571428571428572	1.0	फव्वारे	फव्वारा	REJECT	फव्वारा:3, फव्वारे:2
ज़र	5	2	0.6	0.6	0.3333333333333333	ज़रिए	ज़रा	REJECT	ज़रिए:3, ज़रा:2
शरणार्थ	5	2	0.6363636363636364	0.6363636363636364	0.3333333333333333	शरणार्थी	शरणार्थियों	REJECT	शरणार्थियों:3, शरणार्थी:2
बुढ़ाप	5	2	0.8571428571428572	0.8571428571428572	0.3333333333333333	बुढ़ापे	बुढ़ापा	REJECT	बुढ़ापा:3, बुढ़ापे:2
